Región 13,72012000,3,Universidad Tecnológica De Chile,Universidad Tecnológica De Chile Inacap,San Ignacio De Loyola Nº135,Santiago,224723415,Otec,jcoussy@inacap.cl,,
Región 13,76633770,8,Visión 20/20 S.A.,,"San Antonio 19, Of. 2005",Santiago,227843782,Otec,otec@colegiodeopticos.cl,,
Región 13,76645099,7,Otec Vizar Limitada,Capacitaciones Vizar Ltda.,"Huerfanos 1373, Of. 606, Espacio 3",Santiago,227050410,Otec,claudio.vizcarria@vizar.cl,carlos.velasquez@vizar.cl,
Región 13,76980870,1,Cycap Competencias Y Capacitación S.A.,Cycap Limitada,"Huelén Nº 56, Of. 4H",Santiago,227258208,Otec,info@oteccycap.cl,,
Región 13,77930750,6,Tlc  Capacitación Limitada,,"Estado 215, Of. 815, Santiago",Santiago,6328764,Otec,administracion@tlc-capacitacion.cl,,
Región 13,71619300,4,Centro De Promoción Y Desarrollo Social Monseñor Fagnano,Ceprode,Avda. República  173,Santiago,226180046,Otec,ceprode@salesianos.cl,,
Región 13,65057241,6,Fundacion Codesser Oficios,Fundacion Codesser Oficios,Tenderini 187,Santiago,25853381,Otec,fundacion.oficios@codesser.cl,,
Región 13,76232950,6,"Instituto De Calidad Y Medioambiente De Chile, Ignacio Javier Caro Aguilera E.I.R.L.",Icm Chile. Icm E.I.R.L.,"San Antonio  N° 418, Oficina 902",Santiago,226643638,Otec,ignacio.caro@icmchile.cl,,
Región 13,87894800,9,Instituto Profesional Camara De Comercio De Santiago Ltda,Instituto Profesional  Del Comercio,República N°190,Santiago,222801379,Otec,arodriguez@ccs.cl,,
Región 13,76563628,0,Orion Capacitacion Limitada,Orion Capacitacion Ltda,Santa Victoria 354,Santiago,2224252,Otec,gtopali@cmtsalud.cl,,
Región 13,76883500,4,Organismo Técnico De Capacitación Ebisu Limitada,Ebisu Ltda.,"Huérfanos N° 1160, Of. N° 1202",Santiago,27053929,Otec,info@otec-ebisu.cl,,
Región 13,76592836,2,Decide Spa,,Blñanco Viel 1108 Of 5b,Santiago,232177516,Otec,contacto@decideotec.cl,,
Región 13,76560417,6,Crecer Chile Otec Spa,Crecer Chile Otec Spa,"Bandera 883, Of. 211",Santiago,22705220,Otec,contacto@crecer-chile.cl,,
Región 13,76493796,1,Capacitacion Funcional Spa,Capacitacion Funcional Spa,Bandera 84 Of 212,Santiago,232244420,Otec,cursos@capacitacionfuncional.cl,,
Región 13,76400328,4,Training Chile Servicios De Capacitación Spa,Training Chile Spa,"Diagonal Paraguay N° 481, Of. 68",Santiago,232239149,Otec,nataliamolina@campuschile.cl,consultas@campuschile.cl,
Región 13,76462722,9,Capacitación Cahp Spa,Capacitación Cahp Spa,"Compañia De Jesús N° 1390, Of. 312, -A",Santiago,232066320,Otec,hpadilla@cahp.cl,,
Región 13,50256060,3,Ricardo Correa Soto Spa,Crownliet Spa,Compañia Nº 1447,Santiago,226873625,Otec,crownliet@crownliet.cl,,
Región 13,76361424,7,Protraining  Otec Spa,Protraining  Otec Spa,"Enrique Mac Iver N° 22, Of. N° 605",Santiago,26326148,Otec,secretaria@norconsulting.com.ar,,
Región 13,76226192,8,Instituto De Capacitación De Chile Spa,Icch Spa,Huerfanos N° 1055. Of.311-B,Santiago,26966869,Otec,director@capacitacionicch.cl,,
Región 13,76636603,1,Organismo Técnico De Capacitación Otec , Erik Marcelo Molina Canales E.I.R.L.(Alcalá Capacitaciones E.I.R.L.),"San Antonio 510, Of. 304",Santiago,26383347,Otec,info.capacitacion@grupoalcala.cl,Erikmolinac@gmail.com,
Región 13,76101794,2,Servicios De Capacitación Juan Pablo Olmos E.I.R.L,Formación Integral  E.I.R. L.,"Moneda 856, Of. 306",Santiago,226951551,Otec,jolmos@formacionintegral.cl,,
Región 13,76221564,0,Eprime Formación Limitada,Eprime Formación Ltda.,"Huérfanos Nº886, Of. 904",Santiago,227911086,Otec,alexandra.momberg@eprime.cl,,
Región 13,76145906,6,Centro Técnico De Capacitación Valbel Limitada,Valbel Capacitación Ltda.,Eduardo Matte Nº 1726,Santiago,223031121,Otec,info@valbel.cl,,
Región 13,76374770,0,Assin Capacitación Limitada,Assin Capacitación Limitada,Estado 235 Of. 1105,Santiago,6380095,Otec,personal@assin.net,,
Región 13,77951230,4,Espacio Empresarial Capacitación Limitada,Espacio Empresarial,Calle Chiloé Nª 1202,Santiago,225544463,Otec,abascunan@espacioempresarial.cl,,
Región 13,76038690,1,Teamwork Capacitación Limitada,Teamwork Capacitacion Ltda.,"La Concepción 141, Piso 11, Oficina 1101",Santiago,225190300,Otec,sarenas@team-work.cl,,
Región 13,76002890,8,Sociedad De Capacitación Para  El Progreso Limitada,Progreso Ltda,"Catedral Nº1233, Of. 1003",Santiago,32239770,Otec,contacto@otecprogreso.cl,,
Región 13,77978130,5,Servicios De Capacitación Calidad Y Mejoramiento Limitada,Capacitación Quality & Improvement,Av. Lib. Bdo. O´Higgins N °1112 Of.501,Santiago,26723832,Otec,capacitacion@acqi.cl,,
Región 13,84508600,1,Instituto De Estudios Y Seminarios Tributarios Setri Limitada,Setri Ltda,Almirante Lorenzo  Gotuzzo Nº 96  Of 64,Santiago,226725734,Otec,setri@setri.cl,,
Región 13,76267947,7,Sabadell Capacitación S.A.,Sabadell Capacitación S.A.,Echaurren 408,Santiago,226895347,Otec,contacto@sabadellcapacitacion.cl, mnanjari@sabadellpersonal.,
Región 13,76681440,9,Aplicap S.A.,Aplicap,"Catedral Nº 1009, Of. 902",Santiago,26952014,Otec,info@aplicap.cl , sandra.parra@aplicap.cl,
Región 13,76088864,8,Kibernum Capacitación S.A.,Kibernum Capacitación S.A.,"Huérfanos N° 835, Piso 7, Of. 703",Santiago,229246760,Otec,nelly.farias@kibernumcapacitacion.com,,
Región 13,96673200,8,Capacituc S.A.,Capacita Uc,Marcoleta N°449 Local 2-A-2-B,Santiago,26862117,Otec,alejandra.rojas@capacitauc.cl,capacitauc@capacitauc.cl,
Región 13,77724510,4,Capacitaciones Capacitando Chile Spa,Capacitando Chile Spa.,"Fanor Velasco Nº 27,",Santiago,26880986,Mixto,dolivares@capacitandochile.cl, capacitando.chile@gmail.com,
Región 13,76530908,5,Gap Capacita Limitada,Gap Capacita Limitada,"Pedro Lagos 521, Of. Ex-572",Santiago,227015254,Otec,info@gapcapacita.cl,javiera.rierar@gmail.com,
Región 13,76521359,2,Servicios De Capacitación Plural Capacita Limitada,Plural Capacita Ltda.,"Fanor Velasco 85, Of. 804",Santiago,22610876,Otec,consultas@pluralcapacitsa.cl,spcarvaj@gmail.com,
Región 13,76577689,9,Thinking Different Capacitación Limitada,Td Chile Capacitación Ltda.,"Agustina 972, Of. 410",Santiago,26964087,Otec,contacto@thinkingdifferent.cl,lcaa.consultor@gmail.com,
Región 13,76431717,3,Stella Maris Capacitación Limitada,Stella Maris Capacitación Ltda.,"Sierra Bella N° 1231, Of. 11",Santiago,25511319,Otec,contacto@otecstellamaris.cl, jcandiam@otecstellamaris.cl,
Región 13,76402598,9,Tilatam Capacitación Limitada,Tilatam Capacitación Limitada,"Huérfanos N° 1160, Depto. /Local N° 1204",Santiago,24652835,Otec,jorge.basulto@tilatamcapacitacion.cl,cokepatricio@gamil.com,
Región 13,76384444,7,Sociedad Educap Capacitación Limitada,Otec Training Courses Limitada,"Huérfanos N° 886, Of. N° 1120",Santiago,22633512,Otec,capacitacion@grupoeducap.cl,capacitacion.educap@gmail.com,
Región 13,76377011,7,Capgenesis Capacitación Limitada,Capgenesis Ltda,"Serrano N° 140, Of. 22",Santiago,26640643,Otec,capacitacion@capgenesis.tie.cl,ghernandez@capgenesis.tie.cl,
Región 13,76471818,6,Otec Centro De Capacitación San Martín Limitada,Capacitaciones San Martín Ltda.,"Av. Libertador Bdo, Ohiggins N° 1370, Of. 202",Santiago,26970894,Otec,contacto@otecsanmartin.cl,,
Región 13,76443007,7,Formar Chile Capacitación Limitada,Formar Chile Limitada,"Ahumada N° 312, Of.N° 618",Santiago,225031916,Otec,evaldez@formarchile.cl,jvalenzuela@formarchile.cl,
Región 13,76580610,0,Codesser Capacitación Limitada,Codesser Capacitación Ltda.,Tenderini  187,Santiago,25853356,Otec,pablo.saini@codesser.cl,,
Región 13,76366489,9,Estudieonline Capacitaciones Limitada,Estudieonline Ltda.,"Bandera N° 620, Of. N° 510",Santiago,26963400,Otec,info@estudieonline.cl,,
Región 13,76424475,3,Centro De Formación Y Desarrollo Profesional Reactiva-T Limitada.,Reactiva-T Ltda.,Nueva Compañía N° 425- Oficina 103,Santiago,226966596,Otec,reactivat@outlook.com,,
Región 13,76332761,2,Integrados Capacitaciones Limitada,Integrados Capacitaciones Ltda.,"Calle Ayacucho N° 489, Of. N° 41-A",Santiago,26323520,Otec,info@inecap.cl,,
Región 13,76280102,7,Centro De Capacitación Garden Limitada,Capacitación Garden Ltda.,Paseo Huérfanos 1055 Oficina 405,Santiago,29424438,Otec,ytorres@agseguridad.cl,,
Región 13,76348334,7,Converge Capital Humano Limitada,Converge Ltda.,"Diagonal Paraguay N° 481, Of: 83",Santiago,229797607,Otec,jaimeflorex@gmail.com,,
Región 13,76058274,3,Centro De Desarrollo Y Formación Continua Limitada,Bcn School O Comuniser,Av. Portugal 1279,Santiago,229738597,Otec,jarka@bcnschool.cl,,
Región 13,76278421,1,Centro De Entrenamiento Para Líderes Limitada,V & P Grow Institute Ltda.,"Enrique Mac-Iver N° 484, Of. N° 63",Santiago,26643133,Otec,contacto@growinstitute.cl,,
Región 13,76317641,K,Asesoria En Capacitación Limitada,Asetran Capacitación Ltda.,"Sotero Del Río N° 508, Of. N° 610",Santiago,222471262,Otec,info@asetrancapacitacion.cl,,
Región 13,76143382,2,Gestión Del Aprendizaje Y Entrenamiento Imhotep Limitada,,"Estado N° 215, Of. 705",Santiago,26973820,Otec,info@imhotep.cl,imhotep.otec@gmail.com,
Región 13,76245541,2,Cit Educa Spa,Cit Educa Spa,"Paseo Phillips N° 451, Piso 18, Of. N° 1802",Santiago,25840691,Otec,info@citeduca.cl,,
Región 13,76133498,0,Council Capacitación Limitada,Council Chile Ltda.,"Serrano N° 73,  Of. N° 414",Santiago,226718632,Otec,magonzalez@council.cl, contacto@council.cl,
Región 13,76146704,2,Guzmán Y Villalobos Compañia Ltda.,Carpe Diem Capacitación Limitada,"Teatinos 251, Of.709",Santiago,26715503,Otec,marcela.guzman@carpediemcapacitacion.cl,,
Región 13,76131318,5,Hernández & Nawrath Capacitación Limitada,Terraqueum Capacitación Limitada,San Isidro N° 401,Santiago,26341283,Otec,info@terraqueum.com,,
Región 13,76768230,1,Centro De Capacitación Cámara De Comercio De Santiago Limitada,,"Moneda Nº 856,Piso 7",Santiago,24992603,Otec,jrubio@ccs.cl,,
Región 13,76046672,7,Transtecnia Capacitacion Ltda,Transtecnia Ltda,Adriana Undurraga 220,Santiago,227157240,Otec,vquiero@transtecnia.cl, hsaint@transtecnia.cl,
Región 13,76976510,7,Centro De Capacitación Alcalá Limitada,Alcalá Capacitación,Merced 346 Of. F3,Santiago,6327262,Otec,info@alcalaconsultores.cl,,
Región 13,77605760,6,Orsan Capacitación Limitada,Orsan Capacitación Ltda,Estado N° 337 Oficina 502,Santiago,23818677,Otec,matriculas@orsancapacitacion.c,,
Región 13,77727120,2,Servicios De Capacitación Para La Calidad Total Limitada,T.Q.M. Chile Ltda.,"Estado Nº359, Piso 3",Santiago,26386254,Otec,tqmchileltda@gmail.com, larayahernandez@gmail.com,
Región 13,77534810,0,Instituto De Capacitación Y Asesoría Profesional Limitada,Incasep Ltda.,Domeyko Nº 1 760 - 1762 - 1764,Santiago,26725758,Otec,incasep@incasep.cl,,
Región 13,76136880,K,Altis Capacitación Limitada,Altis Limitada,"Bandera Nº883,  Piso 2,  Of. 202",Santiago,26954185,Otec,marcelo@altis.cl,,
Región 13,76016480,1,Mypes Capacitación Ltda.,,Pasaje República  Nº 15 Of. 11,Santiago,226980256,Otec,abascunan@mypes.cl,,
Región 13,76069710,9,Celeris Servicios De Capacitación Limitada,Celeris Ltda. Y/O Celeris Ltda.,"Santo Domingo 550, Piso 4º",Santiago,8870608,Otec,contacto@celeris.cl,,
Región 13,77572410,2,Sociedad Mella Capacitación Compañía Limitada,Mella Capacitación Limitada,Agustinas  Nº 715  Of.303,Santiago,26886421,Otec,infomella@mellaconsultores.cl,,
Región 13,78421370,6,"Leiva, Ulloa Y Compañía Limitada",Cegesem Ltda.,Agustina N° 1442 Torre B Of. 508,Santiago,6951424,Otec,info@cegesem.cl,,
Región 13,77574940,7,Centro Desarrollo Para La Acción Limitada,Cenda Ltda,Virginia Opazo 31,Santiago,26715764,Otec,klamoza@cenda.cl,,
Región 13,77459870,7,Capacitaciones Chile Suizo  Limitada,Instituto Chileno-Suizo De Idiomas,"José Victorino Lastarria  93, Piso 2",Santiago,26385414,Otec,info@chilenosuizo.cl,,
Región 13,77102550,1,"Capacitación, Oportunidad, Acción Chile Ingeniería Interpersonal Limitada",Coaching Ltda.,Av. Portugal Nº 20 Of. 68,Santiago,22457717,Otec,info@coachingcapacita.cl,,
Región 13,76715460,7,Sociedad De Capacitacion Conifos Limitada,Otec Conifos Ltda.,Pasaje Príncipe De Gales  67,Santiago,6990570,Otec,eluco@conifos.cl,,
Región 13,76542930,7,U Y M Capacitación Spa,,"Serrano N° 14, Of. 101",Santiago,226643198,Otec,capacitacion@uym.cl, pmolina@uym.cl,
Región 13,76588320,2,América Xxi Capacitación Limitada,América Xxi Capacitación,"Huérfanos 669, Of. 612",Santiago,26719115,Otec,mulloa@americaveintiuno.cl,,
Región 13,76584140,2,Centro De Capacitación Ambiental  Laboral Y Técnica Limitada,Altec Limitada,Avda. Bdo. Ohiggins 723 Of. 82,Santiago,226336898,Otec,contacto@altec.cl,,
Región 13,76180912,1,Santo Tomas Educación Continua Limitada,Santo Tomas Educacion Continua,"Ejercito 146, , 4 Piso",Santiago,225308370,Otec,capacitacion@santotomas.cl,,
Región 13,77493820,6,"Servicios De Capacitación, Alcance Limitada",Alcance Capacitación Ltda.,San Antonio 510 Of.401,Santiago,26321668,Mixto,lorena.olmos@fundacionalcance.org,,
Región 13,78868230,1,Atento Educación Limitada,Atento Educacion Ltda,Avda. Libertador Bernardo O'Higgins Nº552             ,Santiago,2009131,Otec,jbpino@atentochile.cl,,
Región 13,78115670,1,Psicus Consultores Profesionales Limitada,Psicus Profesionales Limitada,Merced N° 128,Santiago,26387783,Otec,capacitacion@psicus.cl,,
Región 13,78964300,8,Sociedad De Consultoria Y Capacitación Limitada,Dgm Audiovisual,"Jaime Eyzaguirre Nº 9, Oficina 53",Santiago,6355931,Otec,info@dgm.cl,,
Región 13,77003020,K,Eme Capacitación Limitada,Eme Capacitación Limitada,Manuel Montt N° 515,Santiago,29820339,Otec,info@emelimitada.cl,,
Región 13,65721030,7,Fundación De Beneficiencia Cristo Vive - Formación Laboral,Cristo Vive - Formación,Santo Domingo Nº 1690,Santiago,1221183,Otec,contabilidad@fundacioncristovive.cl,,
Región 13,65056389,1,Fundación Para La Capacitación Fucap,Fucap,Domeyko N° 1750,Santiago,6721049,Otec,funcap@funcap.cl,,
Región 13,84694600,4,Centro De Formación Técnica Santo Tomas Limitada,Centro De Formación Técnica Santo Tomas,José Miguel Carrera Nº158,Santiago,3763400,Mixto,crdejong@santotomas.cl,,
Región 13,96635520,4,Instituto Profesional La Araucana S.A.,Ipla,Ejército  Nº 171,Santiago,224272010,Otec,soyarcep@iplaaraucana.cl,,
Región 13,81698900,0,Pontificia Universidad Catolica De Chile,Puc,Av. Libertador Bernardo O'Higgins Nº 390,Santiago,23546594,Otec,agonzald@uc.cl,,
Región 13,76575410,0,Rodelillo Emprende Limitada,Rodelillo Emprende,Concha Y Toro 11 Of. 101,Santiago,26729105,Otec,lcurrin@rodelillo.cl,,
Región 13,77805400,0,E-Syste Capacitación  S.A.,E-Syste Capacitación S.A.,Tucapel Jiménez Nº40,Santiago,26647881,Otec,conta@asyste.com,,
Región 13,76200772,K,Servicios De Capacitación Prosense Ltda.,Prosense Ltda.,"Diagonal Paraguay N° 481, Of. 127",Santiago,232242196,Otec,sescobar@prosense.cl,,
Región 13,76615849,8,Patricio Osorio Capacitaciones E.I.R.L,Concrevi Centro De Capacitaciones Eirl,Lord Cochrane 30 Of 309,Santiago,226996902,Otec,contacto@concrevi.cl,,
Región 13,76259696,2,Servicios De Capacitación Procap Spa,Procap Spa,Compañia 2077 Of.13,Santiago,224080252,Otec,clo@capacitacionoficiolaboral.cl , chkeidong@gmail.com,
Región 13,76332973,9,Franco Bonatici Capacitaciones Training Trades E.I.R.L.,Capacitación Training Trades E.I.R.L.,"Ahumada N° 131, Of. N° 714",Santiago,28003818,Otec,contacto@trainingtrades.cl,,
Región 13,76413062,6,Moya Y Gonzalez Sociedad De Responsabilidad Limitada,Otec Sophos Ltda.,"Phillips 451, Of. 1106",Santiago,232164119,Otec,contacto@otecsophos.cl,mmmoya7@gmail.com,
Región 13,76399939,4,Centro  De Capacitación Gabriel Andrés Avalos Campos E.I.R.L,Asceseg Capacitaciones E.I.R.L.,"Santo Domingo 1083,Of. 106",Santiago,26985997,Otec,info@asciseg.cl,gavalos@asciseg.cl,
Región 13,76366822,3,Geducase Capacitación Limitada,,"Santo Domingo 784, Of. 15",Santiago,226328073,Otec,geducase.capacitacion@gmail.com,,
Región 13,76195963,8,Capacitación Y Desarrollo Rodolfo Muñoz E.I.R.L.,Cadess Capacitación,"Diagonal Paraguay N° 481, Of. 91",Santiago,24349234,Otec,capacitacion@cadess.cl,,
Región 13,76600636,1,Ifa Full Capacitación Spa,Ifa Full Capacita/Capacifull Spa,Fanor Velasco 26,Santiago,232263488,Otec,ifuentes@ifafullseguridad.cl,maribelgalleguillos@gmail.com,
Región 13,76403767,7,Innova Cea Capacitaciones Limitada,Innova Cea Ltda.,"Ahumada N° 370, Of. 529",Santiago,26970518,Otec,info@innovaceacapacitaciones.cl,,
Región 13,77768490,6,Lizama Consultores,,"Huérfanos1249, Of. 51",Santiago,226728440,Otec,alejandra@lizamaconsultores.com ,,
Región 13,79860950,5,Instituto Profesional De Arte Y Comunicación Arcos S.A.,Arcos S.A.,Santo Domingo Nº 789                                            ,Santiago,23657000,Otec,otec@arcos.cl,,
Región 13,77880530,8,Capacitación Y Consultoría Modifica Limitada,Modifica Consultores Ltda,Agustinas 853 Oficina 533,Santiago,226387307,Otec,gerencia@grupomodifica.cl,,
Región 13,72155500,3,Fundación De Capacitación Vida Rural De La Pontificia Universidad Católica De Chile,Fundación De Capacitación Vida Rural De,"Jaime Eyzaguirre No.9 , Of. 44",Santiago,26354931,Otec,jramirez@fvruc.cl,,
Región 13,76091487,8,Sociedad De Capacitación Y Educación Perfección Limitada,Qec Capacitación Ltda.,Santiago Nº 1023,Santiago,229445151,Otec,capacitacion@qec.cl,,
Región 13,76157376,4,Capacitación  Otec Carpe Diem Limitada.,Capacitación  Otec Carpe Diem Ltda.,"Agustinas 972, Of. 607",Santiago,26967077,Otec,rpavez@carpediemct.cl,,
Región 13,76502931,7,Organismo Técnico De Capacitación I-Cap Limitada,I-Cap Limitada,"Compañía De Jesus N° 1390, Piso11, Of. 1105",Santiago,27909578,Otec,d.cisterna@i-cap.cl,,
Región 13,76676730,3,Avilés Y Compañía Limitada,Map Capacitación Ltda,"Marín 80, Oficina 511",Santiago,227017192,Otec,capacita@mapcapacitacion.cl,,
Región 13,76801750,6,Gam Training Capacitación Limitada,Gam Training,Huérfanos 1160 Of. 1211,Santiago,26713512,Otec,valmonacid@gamtraining.cl,,
Región 13,76079983,1,Centro De Capacitación Y Desarrollo De Habilidades Técnicas Habilsa S.A.,Habilsa Capacitación S.A.,Huérfanos  1022 Of. 603,Santiago,26715344,Otec,habilsa@habilsa.cl,,
Región 13,76392106,9,Centro De Desarrollo En Formación Laboral Limitada,Otec Centro Dfl Limitada,"Doctor Sótero Del Río N° 508, Of. N° 505",Santiago,26980004,Otec,cvillegas@centrodfl.cl,mpuentes@centrodfl.cl,contacto@centro
Región 13,76379564,0,Formativa Integral Limitada,Formativa Integral Limitada,"Dr. Sótero Del Ríos N° 465, Of N° 31",Santiago,26501223,Otec,info@formativaintegral.cl,,
Región 13,71540800,7,Universidad De Las Americas,,Republica N° 71                                                ,Santiago,22531100,Otec,ecastillo@udla.cl,,
Región 13,76096955,9,Alonso Y Valdivia Capacitación Limitada,Avcapacita,"Nueva York Nº 53, Ofic. 61",Santiago,2471484,Otec,otec@av-capacita.cl,,
Región 13,76375208,9,Maria Concepción Rodriguez Bustamante Capacitación E.I.R.L.,Oteclic E.I.R.L.,"Estado N° 215, Of. N° 1012",Santiago,6320088,Otec,capacitación @oteclic.cl,,
Región 13,76108611,1,Servicios De Capacitación Bustos Y Bustos Ltda.,Abc & Capacitación,Paeso Bulnes 180 Piso3 Oficina 32.,Santiago,2721355,Otec,info@abccapacitacion.cl,,
Región 13,76674999,2,Otemax Spa,,"Compañia N° 1390, Of. 2003",Santiago,222700804,Otec,scanete@otemax.cl,capacitación@otemax.cl,
Región 13,76540566,1,Eduxpert Spa,Eduxpert Spa,"Avda. Presidente Bulnes 79, Of. 105",Santiago,222470749,Otec,cristobal@eduxpert.cl,info@eduxpert.cl,max@eduxpert.cl
Región 13,76475365,8,Capacitaciones Deportivas Spa,Capacitaciones Deportivas Spa,"Copañia 1291, Od. 306",Santiago,232065748,Otec,jorgealcaino@chod.cl,,
Región 13,76655536,5,Escuela De Capacitación De Chile Spa,Escuela De Capacitación De Chile Spa,"Estado N° 215, Of.316",Santiago,26382855,Otec,contacto@edechile.cl, Paolamarin@edechile.cl,
Región 13,76372607,K,Centro De Capacitación Y Negocios De Chile Spa,Centro De Capacitación Y Negocios De Chi,"Agustinas 1022, Of. 310",Santiago,227041610,Otec,info@cegnec.cl,secretaria@cecneg.cl,
Región 13,76589803,K,Innovatec Spa,Innovatec Spa,"Compañia 2077, Of: 10",Santiago,226990657,Otec,contacto@innovaacademy.cl,mgatica@innovaacademy.cl,
Región 13,76553547,6,Tactika Capacitacion Spa,,Alfredo Barros Errazuriz 1953 Of 601,Santiago,224004179,Otec,jaimelara@tactika360.cl,,
Región 13,76440456,4,Intra Protect Spa,,Rogelio Ugarte 1817,Santiago,229045301,Otec,tunda@transcap.cl,,
Región 13,76606076,5,Bt Procap Spa,,Amunategui 471 Of 11,Santiago,226991925,Otec,ruben.beas@btprocap.cl,,
Región 13,76617054,4,Tresve Spa,,Francisco Bilbao 1902,Santiago,228968984,Otec,otec@treve.cl,,
Región 13,76606334,9,Desarrollo De Competencias Y Formacion Continua Spa,,Merced 318 Of 32,Santiago,223010053,Otec,contacto@dcfcapacitacion.cl,,
Región 13,76471093,2,Capacitaciones Mas Tu Spa,Mas Tu Spa,Calle Compañia 2077 Of 07,Santiago,232179492,Otec,sandra.figueroa@mastu.cl,,
Región 13,76600464,4,Sinaptics Spa,,Agustinas 1161 Of 218,Santiago,227004322,Otec,fabian.caro@sinaptics.cl,,
Región 13,76559415,4,Eco Working Capacitaciones Spa,,"Merced 22, Of. 702",Santiago,222471089,Otec,contacto@ecoworking.cl,clientes@acreditaciones.cl,
Región 13,76581924,5,Donde Esta La Meta Capacitación Spa,,"Serrano 73, Of. 1101",Santiago,222469720,Otec,contacto@dondeestalameta.cl,francisco.reyes@dondeestalameta.,
Región 13,76535982,1,Activa Capacitación Spa,,Avda Bulnes N°79 Of 64-D,Santiago,226094296,Otec,contacto@activacapacitacionspa.cl,,
Región 13,76595859,8,Servicios De Capacitación Golden Spa,Servicios De Capacitación Golden Spa,"Santa Rosa N° 17, Of. 41",Santiago,232176964,Otec,contacto@goldenc.cl,man@goldenc.cl,
Región 13,76585357,5,Sumar Capacitación Spa,,Moneda (Oficina 712) 812,Santiago,32171891,Otec,contacto@sumarcapacitacion.cl,,
Región 13,76468931,3,Ipis Consultores Spa,Ipis Consultores Spa,"Diagonal Paraguay 481, Of. 97",Santiago,232233029,Otec,cbocaz@ipisconsultores.cl,,
Región 13,76519831,3,Capacitaciones Optium Spa,"Optium Spa, Optium. Cl Spa",San Isidro 1682,Santiago,227964754,Otec,INFO@OPTIUM.CL,JASNA@OPTIUM.CL,
Región 13,76518571,8,Otec Captur 4x4 Spa,Captur 4x4,"Serrano 73, Of. 516",Santiago,227590846,Otec,contacto@captur 4x4.cl,g.vallejos@captur4x4.cl,
Región 13,76478872,9,Otec Aurinko Spa,,Agustinas 1442 Torre B Oficina 409,Santiago,26963067,Otec,info@otecaurinko.cl,,
Región 13,76177175,2,Otec Instituto De Las Artes De Chile  Spa,Otec Instituto De Las Artes De Chile Spa,"Bandera N° 537, Of: 27",Santiago,269665786,Otec,director@institutodelasartes.cl,info@institutidelasartes.cl,
Región 13,76480258,6,Motivar Capacitaciones Profesionales Spa,Motivar Capacitaciones Profesionales Spa,"Agustinas N° 853, Of. N° 307",Santiago,32081758,Otec,motivar@motivar.cl,,
Región 13,76376852,K,Educación Y Capacitación Basilea Spa,Instituto Basilea Spa,"Avda. Del Libertador Bdo Ohiggins 1112, Of: N° 503",Santiago,26962366,Otec,contacto@institutobasilea.cl, cynthia.montero@institutobasil,
Región 13,76442943,5,Sinergia Capacitación Spa,Sinergia Capacitación Spa,"Sazie N° 2021, Of. N° 29",Santiago,25040832,Otec,contacto@sinergiacapacitaciones.cl,harold.aviles@gmail.com,
Región 13,76467193,7,Capacitación De Operadores De Equipos Mineros De Lzaje Spa,Coemi Spa,"Serrano N° 73, Pf. 1010",Santiago,232239668,Otec,jaycobm@coemi.cl,alexism@coemi.cl,
Región 13,76369599,9,Centro De Estudios Y Capacitación Juridica Lextec Spa,Lextec Spa/ Legal Training,"Carlos Porter N° 8, Of. 201",Santiago,226659342,Otec,contacto@legaltraining.cl,,
Región 13,76424217,3,Gestiona Talento Capacitación Spa,Gestiona Talento Capacitación Spa,"Estado N° 215, Bloque N° 201",Santiago,26642476,Otec,contacto@gtcapacitación.cl,,
Región 13,76363593,7,Centro De Capacitación E-Coach Spa,E-Coach Spa,"San Antonio N° 486, Of.N° 144",Santiago,26381998,Otec,contacto@e-coach.cl,,
Región 13,76138071,0,Generapro Capacitación Spa,Generapro Capacitación Spa,"Agustinas N° 814, Of. N° 711",Santiago,0,Otec,generaprocapacitacion@gmail.com, eduardo.matamala@sharpecia.,
Región 13,76334949,7,Formación Ti Spa,Track -It Formación Spa,Merced  N° 838-A  Of. N°77,Santiago,26569104,Otec,info@formacionti.cl,,
Región 13,76873710,K,Instituto John F. Kennedy Centro De Capacitación Spa,Instituto John F. Kennedy Limitada,Ejercito N° 65,Santiago,2367700,Otec,pamela.astorga@institutokennedy.cl,,
Región 13,76324601,9,Centro De Capacitación Y Perfeccionamiento En Salud Salvaunavida Spa,Salvaunavida Spa,"Valentín Letelier N° 20, Dpto. N° 304, Of. N° 2",Santiago,32009575,Otec,contacto@salvaunavida.cl,,
Región 13,76375647,5,Sociedad De Capacitación Red Capacita Spa,Red Capacita Spa,"Enrique Maciver N° 484, Of. N° 105",Santiago,91281909,Otec,otec@red-capacita.cl,,
Región 13,76362585,0,Organismo Técnico De Capacitación K-Pacita Spa,K-Pacita Spa,"San Isidro N° 401, Of. N° 3",Santiago,232243417,Otec,info@k-pacita.cl,,
Región 13,76338001,7,"Instituto Nacional De Formación, Liderazgo Y Capacitación Spa","Instituto Nacional De Formación, Lideraz",Bandera 620-Oficina 503,Santiago,226994015,Otec,info@otecinstitutonacional.com,,
Región 13,76300645,K,Centro De Formación  Y Capacitación Pro-Active Spa,Accit Capacitaciones Spa,"Ahumada N° 312, Of. N° 219",Santiago,226969997,Otec,patricia.pino.t@gmail.com, info@accicapacitacion.cl,
Región 13,76308619,4,Cronologica Spa,Cronologica Spa,"San Antonio N° 378, Of. N° 609-A",Santiago,222470613,Otec,renerodriguez@cronologica.cl,,
Región 13,76276378,8,"Capacitación En Salud, Gerontología Y Rehabilitación Spa",Sagered Spa,Huerfanos 786-Depto. 1304,Santiago,26330228,Otec,otec.sagered@gmail.com,,
Región 13,76278988,4,Instituto De Capacitación Conocimiento Spa,Iconocimiento Spa,"Dr. Sotero Del Río N°541, Of. 422",Santiago,23070635,Otec,comercial@iconocimiento.com,,
Región 13,76045125,8,Instituto De Capacitación Empresarial De Chile Spa,Instituto Idech Spa,"Nataniel Cox Nº47, Of. 81",Santiago,225690798,Otec,director@idech.cl,,
Región 13,76234813,6,Centro De Capacitación Jjye Spa,Mincap Spa,"Estado N° 235, Of. N° 311",Santiago,25814525,Otec,jhugoleyton@hotmail.com,,
Región 13,76181088,K,Capdetrab Spa,Capdetrab Spa,Erasmo Escala N°2382 Of. H,Santiago,232251494,Otec,capdetrab@gmail.com,,
Región 13,76178471,4,Organismo Técnico De Capacitación Ingefisic Capacitación Spa,Ingefisic Capacitaciones,"Diagonal Paraguay 481 Of. 96, Santiago",Santiago,9838472,Otec,contacto@ingefisic.cl,,
Región 13,76148724,8,Gente Capacitación Spa,People Training Otec Spa,"Diagonal Paraguay 481, Of. 88",Santiago,24428718,Otec,mvergara@peopletraining.cl,,
Región 13,76125573,8,Gestión Del Conocimiento Capacitación Spa,Gecocap Spa,"Compañía 1390, Of. 310",Santiago,26569619,Otec,carlosrudloff.gecocap@vtr.net,,
Región 13,76081882,8,Capacitación Otec Spa,Capacitacción,"Alameda 474, Dpto. 501",Santiago,226388563,Otec,admin@capacitaccion.cl,,
Región 13,76457700,0,Otec Dhg Desarrollo De Habilidades Para La Gestion Spa,Dhg Spa,Huerfanos 1160,Santiago,29463958,Otec,erojas@otec-dhg.cl,,
Región 13,76367569,6,Capacitaciones Viesco Spa,Capacitaciones Viesco Spa,Carlos Edward  N° 1264,Santiago,225218687,Otec,jsilva@seguridadviesco.cl, capacitaciones@seguridadviesco.cl,
Región 13,76362555,9,Otec Desafio Levantemos Chile Spa,Otec Dlch S.P.A.,"Lastarria N° 104, Local 5",Santiago,26330073,Otec,otecdesafio@desafiochile.cl,,
Región 13,76467308,5,Organismo Técnico De Capacitación Valora Spa,Valora Spa,"Sazie N° 1761, Of. C",Santiago,23025250,Otec,contacto@otecvalora.cl,,
Región 13,76090368,K,Organismo Técnico Capacitador Prodetec Spa,Prodetec Spa,"Huérfanos N° 1055, Of. N° 506",Santiago,26711003,Otec,prodetec@prodetec.cl,,
Región 13,76215537,0,Cerebrum Chile Spa,"Centro Iberoamericano De Neurociencias,",Huerfanos 835-Oficina N°804,Santiago,26648835,Otec,infochile@cerebrum.la,,
Región 13,76240064,2,Centro De Estudios Tributarios Y Sociales De La Asociación De Fiscalizadores Del Servicio De Impuestos Internos De Chile Spa,Cets Afiich,"Teatinos N° 251, Of. 308",Santiago,224176206,Otec,cets@afiich.cl,,
Región 13,76241883,5,Saber Digital Spa,Saberd Ltda.- Sdigital Spa,"Calle Nataniel Cox N° 31, Of. N° 98",Santiago,229330901,Otec,otec@saber-digital.cl, agutierrez@saber-digital.cl,
Región 13,76130549,2,Instituto De Gestión Del Transporte Spa,Igt Spa.,Santo Domingo N° 979 3° Piso,Santiago,22470636,Otec,gonzalo.valdebenito@igtchile.cl,,
Región 13,65098054,9,Asociación De Capacitación Armamater,Armamater,Fadre Orellana 1340,Santiago,25442196,Otec,miguel.morales@armamater.cl,armamater@tie.cl,
Región 13,69070100,6,Ilustre Municipalidad De Santiago,I Municipalidad De Santiago,Monjitas 755 Piso 3,Santiago,3867508,Otec,otec@munistgo.cl,,
Región 13,76216238,5,Servicios De Capacitación Herrera Porzio & Asociados S.A.,Ipc Porzio Training Group S.A:,Av. Libertadodo Bdo. Ohiggins N° 980 Of.504,Santiago,6641541,Otec,mherrera@icpporzio.cl,,
Región 13,76112104,9,D-Lega Capacitación S.A.,D-Lega Capacitación S.A.,Perez Valenzuela 1686 Of. 48,Santiago,22641095,Otec,capacitacion@d-lega.cl,,
Región 13,76595096,1,Miguel Angel Salas Salinas Capacitaciones Eirl,Capgroup Eirl,Dr Sotero Del Rio 465 Oficina 24,Santiago,229581170,Otec,artium.cap@gmail.com,,
Región 13,76589265,1,Paula Veronica Santana Molina Capacitacion E.I.R.L,Creer Capacitacion E.I.R.L,Avda Francia 01161,Santiago,225594350,Otec,info@creer.cl,,
Región 13,76268368,7,"Centro De Capacitación, Belleza Y Estetica Noemi Cabello Urzua E.I.R.L.",Fantasy Nails E.I.R.L.,"Compañia 1068, Of. 300",Santiago,226734871,Otec,info@fantasynails.cl,fantasynails@hotmail.com,
Región 13,76562081,3,Otec Escuela Del Electricista Ana Muñoz Mena E.I.R.L.,Oede E.I.R.L.,"Bandera N° 883, Of. 211",Santiago,227052190,Otec,contacto@escueladelelectricista.cl,anizam11@escueladelelectr,
Región 13,76486624,K,Rodrigo Valladares E.I.R.L.,Desarrollo Social Chile E.I.R.L.,"Mac-Iver N| 484, Of. N°125",Santiago,32238365,Otec,otecdesarrollosocialchile@gmail.com,,
Región 13,76432444,7,Paula Escobar Capacitación E.I.R.L.,Otexman Capacitación E.I.R.L.,"Bombero Salas N° 1369, Of. N° 202",Santiago,22671226,Otec,contacto@otexman.cl,paylalta@yahoo.com,
Región 13,76457258,0,Capacitacion Y Entrenamiento Moises Marcelo Alvayay Segura E.I.Rl,Mas Capacitacion Y Entrenamiento E.I.R.L,Erasmo Escala 2382,Santiago,26823216,Otec,msanchez@mas-avc.cl,,
Región 13,76373248,7,Daniel Alejandro Piña Cortes Servicios De Capacitación E.I.R.L.,Capacitación Active Global Work E.I.R.L.,"Alameda Bdo. Ohiggins N° 2831, Depto. N° 46",Santiago,26817956,Otec,danielpina@agw.cl,,
Región 13,76329895,7,Organismo Técnico De Capacitación Learning Class Christian André Almizry Botel Empresa Individual De Responsabilidad Limitada ,Otec Learning Class E.I.R.L.,"Huerfanos 1055, Oficina 705",Santiago,26710762,Otec,c.almizry@learningclass.cl,,
Región 13,76345073,2,Servicios De Capacitación Macarena Paz Verdugo Bosnic E.I.R.L.,Más Valor  Capacitación E.I.R.L.,"Huérfanos N° 886, Of.  N° 1108",Santiago,26390639,Otec,info@mvcapacitacion.cl,,
Región 13,76207263,7,Elsa Berta Hernandez Chamorro Capacitación E.I.R.L.,Creacción Capacitación E.I.R.L.,"Avda. Bernardo O'Higgins Nº3155, Dpto. C",Santiago,27016965,Otec,eherna@gmail.com,,
Región 13,76060784,3,Centro De Formación Laboral Rommy Andrea Araya Olave E.I.R.L.,Cfl  Capacitación,"Tucapel Jimenez Nº40, Of.32 Piso 3",Santiago,226964506,Mixto,contacto@cflcapacitacion.cl,,
Región 13,76250554,1,"Capacitación Integral En Desarrollo Laboral, Eliana Abarca Garate E.I.R.L.",Ca&De Capacitación Integral,"Matias Cousiño N° 150, Of. 641",Santiago,226390285,Otec,info@caydecapacitacionintegral.cl,,
Región 13,76070526,8,Alejandro Pizarro Servicios De Capacitación E.I.R.L.,,"Nataniel Cox N° 370, Of. N° 302",Santiago,232026421,Otec,info@aplcapacitacion.cl,apizarro@apoyapyme.com,
Región 13,76216033,1,Innova Capacitación Georgina Del Carmen Latorre Adasme E.I.R.L.,Innova Capa. Georgina Del Carmen Latorre,Moneda N° 973 Of. N° 728,Santiago,26382238,Otec,innovaotec2012@gmail.com,gerencia@innovatecltda.cl,
Región 13,76143101,3,Capacitación Y Gestión Pro-Otec Cristian Cesar Nifure Bahamondes E.I.R.L.,Pro -Otec E.I.R.L.,"Pasaje República N° 3, Of. E",Santiago,26887251,Otec,cnifure@pro-otec-capacitacion.cl,oprearciones@pro-oteccapaci,
Región 13,76053302,5,Angelica Gachón Mariño Servicios De Capacitación E.I.R.L.,Refuerza Capacitación,Compañía N° 1068.. Ofic. 505,Santiago,226963488,Otec,angelicagachon@yahoo.com, angelica.gachon@refuerzacapacitaci,
Región 13,76091273,5,Servicios De Capacitación Patricia Aguilar Acevedo E.I.R.L.,Procap E.I.R.L.,Nueva San Martin 1520 Of. 317-A,Santiago,27099736,Otec,"p,aguilar@capacitacionesprocap.cl",,
Región 13,76090485,6,Sergio Octavio Godoy Larrondo Capacitacion E.I.R.L,Ciudadcapacitacion Eirl,Virginia Opazao 34,Santiago,226972778,Otec,ciudadcapacitacion@ciudadcapacitacion.cl,,
Región 13,76011898,2,Hernan Cancino Tapia Capacitacion E.I.R.L.,Qec Capacitación E.I.R.L.,"Phillips 15, Piso 4, Of.G",Santiago,29445151,Otec,info@qec.cl,,
Región 13,76867300,4,Pedro Pablo Gallardo Vásquez Capacitaciones E.I.R.L.,Descomp E.I.R.L.,"Ahumada 11, Of. 209",Santiago,8974773,Otec,pedrogallardo@descomp.cl , pedro@descomp.cl,
Región 13,52001609,0,Capacitación Pooja Vijay Mansukhani Empresa Individual De Responsabilidad Limitada,Capacitación English Track E.I.R.L.,Unión Americana Nº30,Santiago,6891976,Otec,englishtrack@vtr.net,,
Región 13,52001677,5,"Capacitación Y Colocación Laboral Agroindustrial, Olave Vera Sandra De Lourde E.I.R.L.",Arando Esperanza E.I.R.L,"Avda. Paseo Bulnes 216, Of. 805",Santiago,227103233,Otec,sandraolave@arandoesperanza.cl,,
Región 13,52000321,5,Capacitación René Rodríguez E.I.R.L,Capacitación Trainee E.I.R.L.,"General Del Canto Nº 112, Oficina 203",Santiago,226819751,Otec,rene.rodriguez@trainee.cl,,
Región 13,76634840,8,Servicios De Capacitación Continua Ergan Flores E.I.R.L,Continua Capacitación E.I. R.L.,"Agustinas  1442, Of. 501, Torre B",Santiago,2471453,Otec,rodrigo.flores@continua.cl,,
Región 13,76917450,8,Capacitación Para Trabajadores José Manuel Videla Villalobos Empresa Individual De Responsabilidad Limitada,Desarrollo Laboral Eirl,Arauco Nº 202,Santiago,25565617,Otec,desarrollolaboral2008@gmail.com,,
Región 13,76453160,4,Jorge L. Bravo C. Prestación De Capacitación E.I.R.L.,Jorge Bravo - Capacitación - Chile,Dr. Sotero Del Rio 508 Of. 413,Santiago,6621120,Otec,jorge.bravo.chile@gmail.com,,
Región 13,76861390,7,"Beatriz Salinas López, Capacitación Empresa Individual De Responsabilidad Limitada",Apsa Capacitación E.I.R.L.,Paseo Bulnes  N° 216 Of. 601,Santiago,226874058,Otec,contacto@apsacapacitacion.cl,,
Región 13,76252318,3,Organismo Tecnico De Capacitacion Janittza Alexandra Cortez Cid E.I.R.L,Otecmine E.I.R.L,Dr. Eduardo Cruz Coke Nº 372,Santiago,226873865,Otec,jcortez@otecmine.cl,,
Región 13,61702000,9,Servicio Nacional De Geología Y Minería,Sernageomin,"Calle Santa Lucía Nº 360, Piso 2",Santiago,24825600,Otec,evelyn.puentes@sernageomin.cl,,
Región 13,76198412,8,Umpierrez Capacitacion Limitada,Entribu Capacitación,"Bajadoz Nº100, Of. 1014",Santiago,22126924,Otec,liliumpierrez@gmail.com,,
Región 13,76242162,3,Capacitación Y Desarrollo Asistecap Limitada,Asistecap Ltda.,Padre Diego Rosales Nº1661,Santiago,26888588,Otec,asistecapltada@gmail.com,,
Región 13,76009418,8,Centro De Formación Integral Capacitaciones Limitada,Ceficap Ltda.,Erasmo Escala Nº 2281,Santiago,226972891,Otec,mauricio.alfaro@ceficap.cl,,
Región 13,76113109,5,Servicios De Capacitación Desarrollo Laboral Limitada,Soporte Laboral Capacitación,"Paseo Bulnes Nº107, Of. 63",Santiago,26952934,Otec,contacto@soportelaboral.cl,,
Región 13,76112811,6,Escuela De Estudios Administrativos Edea Limitada,Edea Limitada,"Diagonal Paraguay Nº474, Of N°61",Santiago,26393406,Otec,cmontero@adactiva.cl , smendienta@adactiva.cl,
Región 13,76051462,4,Centro De Estudio Y Capacitación Serbima Limitada,Serbicap Ltda,Avda. Ejército Libertador N° 207,Santiago,226567782,Otec,lautaro.gajardo@serbicap.cl , marcia.perez@serbicap.cl,
Región 13,76546080,8,C.L.B. Capacitación Limitada,C.L.B.  Capacitación,"Paseo Phillips 16 Of. X, Piso 4",Santiago,225971190,Otec,capacitacion@clbconsultores.cl,,
Región 13,76717230,3,Escuela De Idiomas Be Well Limitada,Tronwell Downtown Ltda.,Santa  Lucia 160,Santiago,25979400,Otec,downtown@tronwell.com,,
Región 13,76665220,4,"Capacitación Y Formación, Horacio Dollenz Limitada",Dollenz Formación,Fanor Velasco Nº 16,Santiago,23800500,Mixto,dollenz@dollenzconsultores.cl,hdollenz@dollenzconsultores.cl,
Región 13,78000650,1,De Laire Y Asociados Capacitación Limitada,De Laire Y Asociados Capacitación Ltda.,"Huérfanos Nº 1117, Of. 1020",Santiago,2471774,Otec,evogt@delaire.cl,,
Región 13,76069500,9,Capacitación Santa Rosa Limitada,Santa Rosa Limitada,"Santa Rosa  Nº373, Of. 2",Santiago,26333160,Otec,info@capacitacionsantarosa.cl,,
Región 13,78702720,2,Escuela De Capacitación De Servicios Limitada,Ecas Ltda,Angamos Nº 289,Santiago,222221035,Otec,ecasltda@gmail.com , ecasltda@hotmail.com,
Región 13,78060840,4,Promondo Capacitación Ltda.,Promondo Ltda.,Santa Rosa 79 Of.85,Santiago,226355565,Otec,hmiles@promondo.cl,,
Región 13,78816460,2,A.I.C.C. Computación Limitada,A.I.C.C. Ltda.,"Huérfanos N°725, Of. N° 7",Santiago,26648485,Otec,info@aicc.cl,,
Región 13,76603810,7,Nexsis Servicios De Capacitación Limitada,Nexsis Capacitación Limitada,"Ahumada N° 236, Of. 916",Santiago,226572978,Otec,capacitacion@nexcap.cl : cnunez@nexsis.cl,,
Región 13,77030400,8,Instituto De Capacitacion Laboral Tecnomaq Limitada,Tecnomaq Ltda.,"Tenderini Nº 85,  Of. 39",Santiago,6394176,Otec,tecnomaq@manquehue.net,,
Región 13,86183700,9,Icel Limitada,Icel Ltda.,Dieciocho N° 145,Santiago,24399900,Mixto,capacitacion@icel.cl,,
Región 13,78214450,2,"Sociedad De Adiestramiento, Formación, Entrenamiento Y Capacitación Ocupacional Limitada",Afecap Ltda.,"Cienfuegos Nº 92, Oficina 3",Santiago,226713312,Otec,afecap@yahoo.com,,
Región 13,87873800,4,Centro De Capacitación Y  Estudios Savia Limitada,Savia,Santa Monica Nº 2338-B,Santiago,26710818,Otec,savialtda@yahoo.com,,
Región 13,76220242,5,Promake Sociedad Anónima,Promake S.A.,Berta Fernández Nº 1966,Santiago,225566764,Otec,info@promake.cl,,
Región 13,76176322,9,Cege Learning S.A.,Cege Learning S.A.,Valentin Letelier N° 1373 Of.301,Santiago,226710722,Otec,info@cegelearning.cl,nsaavedra@cegelearning.cl,
Región 13,76047385,5,Inmobiliaria E Inversiones Santelices Escala S.A:,Instituto Gamma,Alameda N° 1488,Santiago,26723333,Otec,cdiaz@cftgamma.cl ,cdiaz@institutogamma.cl,
Región 13,76095384,9,Learning Chile S.A.,Learning Group S.A.,"Amunátegui Nº72, Piso 2",Santiago,9838471,Otec,cursos@learningchile.cl,,
Región 13,76047741,9,La Araucana Educa S.A.,La Araucana Educa S.A.,Avda. Ejército Nº 193,Santiago,224271023,Otec,cgonzalez@laaraucana.cl,,
Región 13,76007002,5,Centro De Transferencia Tecnológica Spa,Ctt Spa,"Agustinas 1022,  Of 510",Santiago,26963863,Otec,ctt@ctt.cl,,
Región 13,96628570,2,Centro De Capacitación Y Desarrollo Social S.A.,Cades S.A.,"Huérfanos 1160, Of. 809",Santiago,26725518,Otec,cades@cadeschile.cl,,
Región 13,99530360,4,Centro De Capacitación De Competencias Profesionales Y Estratégicas S.A.,Rexzer Chile S.A.,El Trovador 4280 Of.1002,Santiago,23425122,Otec,ventas@transglobal.tie.cl,,
Región 13,76626110,8,Centro Latinoamericano De Desarrollo Empresarial Celade S.A.,Celade S.A. O Celade Capacitación S.A.,"San Antonio 486, Of. 184",Santiago,4807944,Otec,rene.calderon@celade.cl,,
Región 13,96847590,8,Sela S. A.,Sela S.A.,Avenida Ejercito N° 193,Santiago,-310332,Ent. Niv. Est.,acortes@laaraucana.cl,,
Región 13,78230020,2,Iplacex S.A.,Iplacex S.A.,Compañia N° 2015,Santiago,24812664,Otec,julio.sanchez@iplacex.cl,,
Región 13,76012673,K,Maceotec S. A.,Mace S. A.,"La Concepcion N° 81, Of. 1703",Santiago,232238479,Otec,gabriel.fernandez@maceotec.cl,,
Región 13,76087875,8,Capacitacion Integral Educa Chile S.A.,Cinech,"Huérfanos 886, Oficina 926                       ",Santiago,226884338,Otec,contacto@cinech.cl,,
Región 13,99538950,9,Central Servicios Sociedad Anónima,Central Servicios S.A. Y/O Servicios Emp,Lord Cochrane Nº 417,Santiago,225826242,Otec,centralservicios@ucentral.cl , rosa.villagra@ucentral.cl,
Región 13,96649940,0,Proqualitas Chile S.A.,,"Merced Nº280, Piso 9",Santiago,6333951,Otec,paula.sepulveda@proqualitas.com,,
Región 13,76517360,4,Indep S.A.,,Dieciocho Nº 121,Santiago,6958269,Otec,dirindep@indep.cl,,
Región 13,76485420,9,Instituto Chileno Británico De Cultura Capacitación S.A.,,Santa Lucia N° 124,Santiago,224132015,Otec,rvalenzuela@britanico.cl,,
Región 13,76346460,1,Asesorías Y Proyectos San Jorge Sociedad Anónima,Igt Chile S.A.,Corte Suprema Nº 195,Santiago,226883766,Otec,gerencia@igtchile.cl,,
Región 13,78072130,8,Servicios Educacionales Sonda,Sonda Educación S. A. O New Horizons,Teatinos 550,Santiago,26576300,Otec,contacto@sondatraining.com,,
Región 13,77797160,3,Global Solution Consultores S.A.,Global Education  Group,"Merced  Nº  838 - A, Of. 32",Santiago,26980154,Otec,info@globalsolution.cl,,
Región 13,96750030,5,Capacitación  Integral Sociedad Anónima,Cisam S.A.,"Paseo Bulnes 139, Of. 48",Santiago,3750857,Otec,info@cisam.cl,,
Región 13,76469730,8,Instituto Panamericano De Seguridad S.A.,Ipas,"Diagonal Paraguay 481, Of. 124",Santiago,224428972,Otec,comercial@institutoipas.com , ajelcic@institutoipas.com,
Región 13,76178727,6,Instituto De Gestión Del Transporte S.A.,Igt Chile S.A.,"Santo Domingo N°979, Piso6",Santiago,226883564,Otec,info@igtchile.cl,,
Región 13,76240716,7,Sociedad De Servicios De Capacitación Limitada.,Sosercap Ltda.,"Agustinas 853, Of. 915",Santiago,232013640,Otec,contacto@sosercap.cl,,
Región 13,76613104,2,Pro Partner Capacitaciones Limitada,Pro Partner Ltda,Serrano 73 Local 409,Santiago,232220120,Otec,consultas@propartner.cl,,
Región 13,76594653,0,Escuela De Oficios Y Capacitacion Laboral Limitada,Eclab Ltda,Moneda 611 Of 52,Santiago,225008623,Otec,info@eclab.cl,,
Región 13,76558718,2,Organismo Tecnico De Capacitacion Aldana Y Matta Limitada,A Y G Capacitaciones,Providencia 1881 Of 507,Santiago,232207354,Otec,juanpablo@aygcoach.cl,,
Región 13,76652152,5,Capacitaciones Profesionales Elgueta Y Compañia Limitada,Capacitaciones Profesionales Salapaz Lim,Paseo Bulnes 120 Of 71,Santiago,226979914,Otec,info@salapaz.cl,,
Región 13,76557775,6,Chile Capacita Limitada,Chile Capacita Limitada,"Arturo Prat 1268, Local 002",Santiago,229640605,Otec,seminarioboleca@boletindeltrabajo.cl,,
Región 13,76533395,4,Organismo  Tecnico De Capacitacion Masterprev Limitada,Otec Masterprev Ltda.,"Av. Independencia  N° 2077, Of. 309",Santiago,229436362,Otec,contactomasterprev@oscl.cl,,
Región 13,76439009,1,Transversal Capacitaciones Limitada,Transversal Otec Ltda,Alameda 1302 Of 50,Santiago,224814666,Otec,oscar.carrasco@transversal-otec.cl,,
Región 13,76657322,3,Bordeazul Capacitaciones Limitada,Bordeazul Capacitaciones Ltda.,"Nueva San Martín 1490, Of. 1010",Santiago,226712886,Otec,contacto@bordeazul.com,adolfo@bordeazul.cl,
Región 13,76603824,7,Tacora Capacitacion Limitada,Tacora Ltda,Santa Teresa 0173,Santiago,229046149,Otec,daniel.fuentes@tacora.cl,,
Región 13,76624692,3,Organismo Técnico De Capacitación Infocus Limitada,Infocus Limitada,San Alfonso  1219,Santiago,23020443,Otec,contacto@infocusconsultores.cl,,
Región 13,77678270,K,Servicios De Capacitación Ser-Cap Limitada,Sercap  Ltda.,Serrano Nº 73 Piso 611,Santiago,232220172,Otec,contacto@sercapeduca.cl,,
Región 13,76579586,9,Clarke Capacitaciones Limitada,Clarke Capacitaciones Ltda.,"Serrano 76, Of. 706",Santiago,232169481,Otec,contacto@clarke.capacitaciones.cl,joseclarkes@partners.cl,
Región 13,78117970,1,Instituto De Capacitación Sanitaria De Chile Limitada.,Incasach Ltda.,"Ahumada 254, Of. 809",Santiago,229461775,Otec,incasach@gmail.com,,
Región 13,76618464,2,Escuela Nacional De Oficios Limitada,Enof Ltda,Subercaseaux 69 Dpto 304,Santiago,226329835,Otec,contacto@escuelanacionaldeoficios.cl,,
Región 13,76343198,3,Moove Capacitación Spa,Moove Capacitación Spa,"Avenida Alonso De Cordova N° 5870, Of. 1120",Santiago,232238359,Otec,contacto@moove.cl,,
Región 13,76619895,3,Desarrollo Nacional De Capacitación Limitada,Denacap Ltda.,"Diagonal Paraguay 481, Of. 106",Santiago,232220107,Otec,contacto@denacap.cl,seleccionalvaradoh@gmail.com,
Región 13,76549828,7,Otec Capacitación Organizacional Y Oficios Limitada,Otec Rayun Limitada,Simon Bolivar 1855,Santiago,222051766,Otec,contacto@otecrayun.cl,,
Región 13,76490867,8,Expertise Limitada,Expertise Ltda,Santa Lucia 150 Piso 5,Santiago,27978411,Otec,contacto@expertise.cl,,
Región 13,77420010,K,Capacitación Clínicos Mater Dei Limitada,Capacitacion Clínicos Mater Dei,"Agustinas Nº 1022, Of. 529",Santiago,226963831,Otec,capacitacion@materdei.cl,,
Región 13,76489598,3,Capacitaciones Rockstars Limitada,Rockstars Ltda,Santa Rosa 25 Dpto 33,Santiago,224568577,Otec,esteban.rks@gmail.com,,
Región 13,76026177,7,Relcap Limitada,Relcap,Teatinos 371 Of 507,Santiago,223783087,Otec,contacto@relcap.cl,,
Región 13,78202880,4,Centro De Desarrollo E Investigaciones Sociales Cedeisol Limitada,Cedeisol Ltda,Agustinas 853 Dpto 619,Santiago,226643846,Mixto,ceciliasagredo@gmail.com,,
Región 13,76436335,3,Cea Capacitacion Limitada,Cea Otec Ltda,Monjitas 527,Santiago,24567936,Otec,gerencia@ceacapacitacion.cl,,
Región 13,76538646,2,Organismo Técnico De Capacitación  Capacitaré Limitada,Otec Capacitare Limitada,General González Balcarce 2069,Santiago,222456829,Otec,hcavada@capacitare.cl,,
Región 13,76571149,5,Servicios De Capacitación Consult Limitada,Consult Capacitaciones Ltda,San Antonio 31 Of. 503,Santiago,97376541,Otec,info@consultcap.cl,,
Región 13,76601231,0,Redes Capacitacion Limitada,Redescapacitacion Ltda,Padre Miguel De Olivares 1492 Of 3,Santiago,232181672,Otec,otec@redescapacitacion.cl,,
Región 13,76517847,9,Ateneos Centro De Capacitación Técnica Limitada,Ateneos Centro De Capacitación Técnica L,"Matías Cousiño 150, Of. 420",Santiago,232243391,Otec,contacto@ATENEOSCAPACITACION.CL,jsotomayor@ateneoscapacitaci,
Región 13,76579451,K,Prime Capacitaciones Limitada,Agroprime Otec Ltda,Av Del Valle Sur 662 Of 100,Santiago,227539100,Otec,ccelis@agroprime.com,,
Región 13,76432014,K,Reddo Capacitación Limitada,Reddo Ltda.,"Moneda N° 1137, Of. 74",Santiago,225858378,Otec,glopez@reddo.cl,info@reddo.cl,
Región 13,76483672,3,Otec Circo Del Mundo Limitada,Circo Del Mundo,"Bandera N° 566, Of. 82",Santiago,226966371,Otec,contactoelcircodelmundo@gmail.com,carolina.osses@elcirodelmu,
Región 13,76381958,2,Servicio Nacional De Capacitación Sernacap Limitada,Sernacap Ltda.,"Doctor Sotoro Del Rio N° 470, Of. 42",Santiago,223007003,Otec,contacto@sernacap.cl, capacitacionesmpd@gmail.com,
Región 13,76353152,K,Servicios De Capacitación Edutecmin Limitada,Edutecmin Ltda.,"Sierra Bella 1231, Of. 4b",Santiago,223721147,Otec,otec@edutecmin.cl,marco.araya@edutecmin.cl,
Región 13,76141698,7,Energia Y Deporte Limitada,Energia Y Deporte Limitada,"Huerfanos  N° 786, Of. 1304",Santiago,232083775,Otec,otecenergiaydeporte@gmail.com,,
Región 13,76416824,0,Otec Instituto Para El Desarrollo Integral De Las Competencias Laborales Limitada.,Otec Idicl Ltda.,"Huérfanos 1147, Of. 641",Santiago,226731921,Otec,jastudillo@betterpeoples.org,,
Región 13,76077874,5,Servicios De Capacitación Tecnipro Limitada,Tecnipro Ltda.,"Sto. Domingo N° 1160, Of.901, Piso 9",Santiago,26964229,Otec,jortizleiva@gmail.com,,
Región 13,76547256,3,Futuro K-Paz Limitada,Futuro K-Paz Consulting Limitada,"Marcoleta 572, Of. 8",Santiago,26326804,Otec,futurokpaz.coordinacion@gmail.com,,
Región 13,76492747,8,Didactica Capacitación  Limitada,Didactica Capacitación Ltda.,"Diagonal Pasaje Matte N° 956, Of.402",Santiago,26394204,Otec,info@didacticacapacitacion.cl,didacticacapacitación@yahoo.co,
Región 13,76528154,7,Capacitaciones Empoderate Ahora Limitada,Empoderate Ahora Ltda.,"Huerfanos 1373, Of. 904",Santiago,28001806,Otec,info@empoderateahora.cl,iguajardo@empoderateahira.cl,
Región 13,76554964,7,Pizarro Y Calderon Capacitaciones Limitada,Sovering Capacitaciones Ltda,"Sierra Bella 1231, Of. 7",Santiago,25544371,Otec,guillermo.pizarro@soveringcapacitaciones.cl,patricio.caldero,
Región 13,76328656,8,Blomfield English Intitute Limitada,Blomfield English,"San Atonio 385, Of. 301",Santiago,223529050,Otec,ben.blomfield@bloomfieldenglish.cl,,
Región 13,76441878,6,Máscap Limitada,,"Valentín Letelier N° 1373, Depto.809-B Of.2",Santiago,24332203,Otec,mascapchile@gmail.com,administracion@mascap.cl,
Región 13,76458226,8,Servicios De Civismo Y Formación Integral Limitada,"Educación Cívica Limitada, O Educación C","Bombero Adolfo Ossa 1010, Of. 620",Santiago,232243230,Otec,contacto@educacioncivica.cl,jduran@educacioncivica.cl,
Región 13,76142431,9,Organismo Técnico De Capacitación Hidalgo E Hidalgo Limitada,Amautas Capacitación Ltda.,Gorbea 2381,Santiago,226893436,Otec,claubelmonte@gmail.com,,
Región 13,76189726,8,Escuela Europea De Capacitación Limitada,Centro De Capacitación Profesional Escue,Santa Lucia N° 344- Of. 22,Santiago,26321376,Otec,otec@123aprende.com,,
Región 13,76550665,4,Centro De Capacitación Vagafe Limitada,Vgafe Capacitaciones Ltda.,"Nataniel Cox 47, Piso 2",Santiago,26978057,Otec,contacto@vagafecapacitaciones.cl,jvalenzuela@vagafecapacitac,
Región 13,76056581,4,Marcela Del Pilar Espinoza Alvarez Capacitación E.I.R.L.,Rypa Capacitación E.I.R.L.,Matilde Salamanca Nº 640,Santiago,228485225,Otec,informaciones@rypa.cl,,
Región 13,76525936,3,Servicios De Capacitacion V&P Gestion Limitda,V&P Gestion Ltda,Doctor Sotero Del Rio 508 Of 613,Santiago,32242028,Otec,contacto@vpgestion.cl,,
Región 13,76521748,2,Glg Capacitaciones Spa,Glg Capacitaciones Spa,"Nataniel Cox 47, Íso 2",Santiago,26963609,Otec,glgcpacitaciones@gmail.com,,
Región 13,76525771,9,Servicios De Capacitación Emergit Limitada,Emergit Ltda.,"Bandera 566, Of. 76",Santiago,32211389,Mixto,contacto@emergit.cl,,
Región 13,76293341,1,Servicios De Capacitación Capidea Limitada,Doble-K Limitada,"Agustinas Nº 853, Oficina 423",Santiago,229550562,Otec,capacitaciones@doblek.cl,,
Región 13,76191207,0,Innovación Y Desarrollo Organizaciónal Capacitación Limitada,I+Do Ltda.,"Calle Miraflores N° 222, Piso28",Santiago,2307401,Otec,imasdo@imasdo.cl,,
Región 13,76483577,8,Tácticas Y Estrategias De Capacitación Limitada,Taces Capacitación Ltda.,"Bombero Adolfo Ossa 1010, Of. 216",Santiago,232211293,Otec,contacto@tacescapacitacion.cl, mainmore@u.uchile.cl,
Región 13,76082212,4,Centro De Capacitación Para Empresas Limitada,Cedecap Ltda.,"Phillips N° 16, Of. E",Santiago,226711754,Otec,contacto@cedecapltda.cl,,
Región 13,76251166,5,Servicios De Capacitacion Profesional Limitada,Talentis Ltda,Huerfanos 779 Oficina 705,Santiago,226645356,Otec,contacto@talentis.cl,javier.gonzalez@tenstep.cl,
Región 13,76523595,2,Adei Capacitaciones Limitada,Adei Ltda.,"Teatinos 371, Of. 305",Santiago,23170721,Otec,info@adei.cl,,
Región 13,76194911,K,Servicios De Capacitación Cps Limitada,Cps Otec Ltda.,"San Antoniío N° 427, Of. 316",Santiago,26640247,Otec,info@cpsotec.cl,,
Región 13,76057826,6,Centro Estudios Mas Capital Humano Limitada,Centro De Estudios Mas Capital Humano Lt,"Huerfanos 886 Oficina 511,Edificio Astor",Santiago,26640738,Otec,asalamanca@grupomch.cl,,
Región 13,76462787,3,Educación 360° Capacitaciones Spa,Educación 360° Capacitaciones Spa,"Av. Irarrázabal 2821, Of.819",Santiago,232026147,Otec,info@eucacion360.Org,lisette.pitaka@educacion360.org,
Región 13,76462965,5,Sociedad De Capacitación Avanzando Limitada,Avanzando Capacitaciones,¨Presidente Ríos N° 26 Of. 11 Espacio 1,Santiago,232006676,Otec,contacto@avanzandocapacitaciones.cl,daniel.erwin.perez@gmail,
Región 13,76099747,1,Organismo Técnico De Capacitación Alto Desempeño Limitada,Otec Aldes,"Mac-Iver N° 125, Of. N° 1302",Santiago,225193827,Otec,jcartagena@aldesconsultores.cl,,
Región 13,76058153,4,Desarrollo De Capital Humano Limitada,Dech Capacitación Ltda,"Dr. Sotero Del Rio 476, Of. 22-B",Santiago,22696794,Otec,akloques@dechcapacitacion.cl,,
Región 13,76304738,5,Innovación Y Capacitación Inasecap Limitada,Inasecap Ltda.,"Agustinas N° 1442, Of. N° 806",Santiago,90011050,Otec,rafaelmundaca@gmail.com,,
Región 13,76437171,2,Centro De Capacitación Generacción Limitada,Generacción Ltda.,"Ahumada N° 254, Of. 911",Santiago,232013854,Otec,contacto@genera-accion.cl,,
Región 13,76199618,5,Academia Técnica De Capacitación Limitada,Atecap Ltda.,"Ahumada N° 131, Of. N° 1019",Santiago,226961560,Otec,info@atecap.cl, fgalvez@inconchile.cl,
Región 13,76422527,9,Educación Language Royals Limitada,Language Royals Ltda.,"Huérfanos N° 714, Depto.N° 110-A",Santiago,26322186,Otec,ngc@royalschile.cl ,,
Región 13,76073123,4,Visión Y Emprendimiento Capacitación Limitada,Viecap Limitada,Teatinos 371 Of. 607,Santiago,232013601,Otec,info@viecap.cl,,
Región 13,76456591,6,Learning Language Center Capacitación Limitada,L.L.C. Ltda.,"Huerfanos N° 835, Of. N° 1202",Santiago,232026510,Otec,eduardo.cocever@sonico.cl,mario.cocever@sonico.cl,
Región 13,77236690,6,Instituto De Capacitación Talleres Limitada,Incatal Ltda.,"Santa Rosa Nº17, Of. 81",Santiago,232243645,Otec,incatal@incatal.cl,,
Región 13,76152520,4,Alse Desarrollo Y Capacitación Limitada,Alse Consultores Ltda.,"Los Leones Nº 2255, Oficina 302",Santiago,232038796,Otec,contacto@alse.cl,,
Región 13,76406864,5,Instituto De Capacitación Y Desarrollo Laboral  Santa Rosa Limitada,Incades Ltda,"Serrano N° 140, Of. N° 22",Santiago,28977785,Otec,contacto@incades.cl,,
Región 13,76396617,8,Sociedad De Educación Alfa Y Omega Capacitaciones Limitada,Alfa Y Omega Capacitación Limitada,"Presidente Juan Antonio Ríos N° 26, Of. 11/1",Santiago,26642350,Otec,gerencia@alfayomegacapacitacion.cl,,
Región 13,76385203,2,Capacitaciones Daff Emprende Limitada.,Daff Ltda.,"Agustinas N° 972, Of. N° 843",Santiago,26750193,Otec,enriquefuenzalida@daffemprende.cl,,
Región 13,76329129,4,Sociedad Nacional De Capacitación Limitada,Sonac Ltda.,Rogelio Ugarte N° 1574,Santiago,222227604,Otec,vvasquez@sonacapacitacion.cl,,
Región 13,76373502,8,Instituto De Capacitación Y Formación Profesional Limitada,Icafop Ltda.,"Huérfanos N° 713, Of. N° 102",Santiago,26325133,Otec,info@icafop.cl,,
Región 13,76357768,6,Entrenamiento Y Mentorias Capacitaciones Limitada,Coaching And Mentoring Ltda.,"Blas Cañas N° 469,",Santiago,29836704,Otec,joseluis.v@desarrollopersonalcam.cl,,
Región 13,76311694,8,Magno Capacitación Sociedad Limitada,Magno Ltda,"Mackiver N° 22, Of. 714",Santiago,6335293,Otec,contacto@magnocapacitacion.cl,,
Región 13,76355187,3,Instituto De Capacitación Hiram Limitada,Hiram Capacitación Limitada,"Diagonal Paraguay N° 481, Dpto. N° 44",Santiago,24813045,Otec,contacto@hiramcapacitacion.cl,,
Región 13,76112895,7,B & B Capacitación Y Conducción Limitada,B & B Limitada,"Pje. Phillips N° 16, 5° Piso Of. H",Santiago,26329429,Otec,contacto@acpetrinovic.cl,,
Región 13,76316279,6,Organismo Técnico De Capacitación Salbra Y Asociados Limitada.,Salbra Capacitaciones Ltda.,"San Martín N° 92, Of. R 18, Piso 5",Santiago,26955374,Otec,contacto@salbra.cl,,
Región 13,79544850,0,Sam Marsalli Junior Limitada,Sam Marsalli Junior Limitada,"Bandera N°84, Of. 415",Santiago,6955811,Otec,sammarsallijunior@sammarsalli.cl,,
Región 13,76346651,5,Servicio Integral De Capacitación Empresarial Limitada,Asicap Ltda.,"Av. Santa Rosa N° 79, Of. N° 51",Santiago,22227430,Otec,marcelavalero@aiscap.cl,,
Región 13,76350822,6,Ingles Siempre Capacitaciones Limitada,English Always Ltda.,Perez Valenzuela 1687 Of 3-C,Santiago,22352318,Otec,info@englishalways.cl,,
Región 13,79755150,3,Legal Publishing Chile Training Ltda,Legal Publishing Chile Training Limitada,"Miraflores Nº383, Piso 10, Of. 1002                     ",Santiago,25105000,Otec,daniela.soto@thomsonreuters.com,,
Región 13,78566330,6,Centro De Formación Técnica  Cámara De Comercio De Santiago Limitada,,Av.Ejercito Nº 306,Santiago,2801300,CFT,clopez@ccs.cl ,,
Región 13,76240637,3,Organismo Técnico De Capacitación Talento Activo Limitada,Talento Activo Capacitación Ltda.,"Diagonal Paraguay N° 481, Of. N° 35",Santiago,223709025,Otec,esteban.contrerastalentoactivo.cl,agenda.ebcg@gmail.com,
Región 13,78100880,K,Luis Suarez Y Compañía Limitada,British English Centre,"Av. Providencia 1308, Piso 2, Oficina A",Santiago,22354685,Mixto,centroinglesbritanico@gmail.com,,
Región 13,76004957,3,Acción Emprendedora Limitada,Acción Emprendedora Limitada,Nueva York N° 57 Of N° 201,Santiago,232211614,Otec,otec@accionemprendedora.org,,
Región 13,76021589,9,Deluxe Frances Capacitación Limitada,Deluxe Frances Ltda.,"Phillips N° Oficina N° 62,64 Y 66-Piso 6",Santiago,3670100,Otec,rnorambuena@deluxefrances.cl,,
Región 13,76269042,K,Sgm Sociedad De Capacitación Limitada,Sgm Capacitación Ltda,Huérfanos 1055-Of. 302,Santiago,226961225,Otec,contacto@sgmcapacitacion.cl,,
Región 13,76107576,4,Organismo Tecnico De Capacitación Suyay Limitada,Suyay Ltda.,"Agustinas 972, Of. 507",Santiago,26715565,Otec,contacto@suyayotecltda.cl,,
Región 13,76178373,4,Metacom Centro De Entrenamiento Tecnologico Limitada,Centro De Capacitación Metacom Ltda.,"Condor 750, Piso 2 - Oficina 1",Santiago,228628000,Otec,cet@cetmetacom.cl,,
Región 13,76199635,5,Servicios De Capacitación Goetz Y Lakin Limitada,Dynamic English,"Dr. Sotero Del Río N° 580, Of. 1007",Santiago,226622869,Otec,ingo@dyneng.cl,,
Región 13,76271402,7,Fomento Desarrollo Capacitación Limitada,Fodecap Limitada,Echaurren N° 34,Santiago,26728183,Otec,tito.salas@fodecap.cl,,
Región 13,76263299,3,Servicios De Capacitación Dinamo Limitada,Dinamo Capacita Limitada,"Alameda N° 1621, Of. 300",Santiago,226095511,Otec,contacto@dinamocapacita.cl,,
Región 13,76221913,1,Celume Y González Limitada,Gasset Capacitaciones Ltda.,"Ejercito N° 740, Piso 3",Santiago,27075790,Otec,coyarce@gasset.cl , contacto@gasset.cl,
Región 13,76244785,1,Sociedad Gómez Y  Compañia  Limitada,Viar Chile Capacitación Ltda.,Huérfanos N° 786 Of. N° 907,Santiago,26388516,Otec,julio.gomez@viarchile.cl,,
Región 13,76232155,6,Sociedad Comercial Navea Y Pizarro Limitada,Job And Fitness Limitada,Estado N° 215 Of. N° 713,Santiago,26331665,Otec,contacto@jobandfitness.cl,,
Región 13,76217882,6,Bailac Capacitación Limitada,Bailac Capacita,Mapocho N° 1901,Santiago,6721431,Otec,otec@capacitacionbailac.cl,,
Región 13,76247026,8,Coala Group  Centro De Capacitación Limitada,Coala Group Centro De Capacitación Ltda.,"Alameda L. Bernardo O'Higgins Nº 929, Piso 7",Santiago,26644130,Otec,daniel.tolosa@coalagroup.com , erika.tolosa@coalagroup.cl,
Región 13,76247993,1,Organismo Técnico De Capacitación Instituto Chileno Norteamericano Limitada,Otec Instituto Chileno Norteamericano,Moneda N° 1467,Santiago,226777070,Otec,ingles@norteamericano.cl,,
Región 13,76147400,6,Capacitación Integral Sercoprex Limitada,Sercoprex Limitada,"Huerfanos N° 1460, Casa 3 Of. A2",Santiago,26964295,Otec,capacitacion@sercoprex.cl,,
Región 13,76217672,6,"Acta Científica - Capacitación, Servicios De Capacitación Limitada.",Acta Servicios De Capacitación Ltda.,Ahumada N° 312 Of. N° 811,Santiago,26886338,Otec,cmoreno@acta-capacitacion.cl,,
Región 13,76179317,9,Sociedad Comercial De Capacitación Formagen Limitada,Formagen Limitada,"Avda. Libertador Bernardo O'Higgins 240, Of. 131",Santiago,226343251,Otec,info@formagen.cl,,
Región 13,76219544,5,Vector Capacitación Limitada,Vector Capacitación Ltda.,Bandera N° 465 Of. N° 407,Santiago,232076761,Otec,contacto@vectorcapacitacion.cl , mlorca@vtr.net,
Región 13,76654840,7,Cedp Centro De Capacitación Limitada,Cedp Capacitación Ltda.,"Agustinas 1185, Of. 95",Santiago,226721862,Otec,msobera@cedp.cl,,
Región 13,76183025,2,Learningplus Capacitación S.A.,Learningplus S.A./Learningplus Capacitac,Vriginia Opazo 28,Santiago,25940709,Otec,contacto@learnindplus.cl,mauricio.mardones@grupointerplus.cl,
Región 13,77586550,4,Centro De Capacitación Integral Limitada,Procapacita Ltda,"Carlos Porter Nº8 Piso.4, Of. 401",Santiago,2316787,Otec,procapacita@gmail.com,,
Región 13,76847910,0,Intecal Servicio De Capacitación Limitada,Intecal Limitada,"Fanor Velasco N° 16, Oficina 41",Santiago,225690067,Otec,sacevedo@intecalcapacitaciones.cl,,
Región 13,76183316,2,Mmy Langer Capacitaciones Limitada,Mmy Capacitaciones Ltda.,"Doctor Sótero Del Rio N° 476, Of. 32-B",Santiago,226965484,Otec,contacto@mmy.cl, milena.diaz@mmy.cl,
Región 13,76132116,1,Centro De Capacitación Teen Star Chile Limitada,Capacitación Teen Star Ltda.,"Lira 140, Oficina 201",Santiago,22227683,Otec,contacto@teenstar.cl,,
Región 13,76197728,8,Sociedad De Capacitación Asr Limitada,Asr Ltda.,Estado N° 215 Of. 1001,Santiago,226333928,Otec,capacitacion@asrcapacitacion.cl,,
Región 13,76174712,6,Sociedad De Capacitación Toledo Limitada.,Capacitalia Ltda.,Moneda N° 812 Of.708.,Santiago,224813997,Otec,contacto@capacitalia.cl,,
Región 13,76186614,1,Centro De Desarrollo De Competencias Para La Construcción Spa,Cdcc,"San Francisco 294, Of 217",Santiago,226387156,Otec,jorge.suazo@cdcc.cl,,
Región 13,76027973,0,Interactiva Capacitaciones Limitada,Iteractiva Capacitaciones,"San Antonio 19, Of. 907",Santiago,6383167,Otec,arayaperezhector@gmail.com,,
Región 13,76190241,5,Capacitaciones Bustos Y Bustos Limitada,Croma Digital Ltda.,"San Diego 965, Local 9, 2° Piso",Santiago,226727652,Otec,cromacapacitacion@hotmail.com,,
Región 13,76744820,1,Servicios Integrales De Capacitación Limitada,Sericap Ltda.,"San Antonio 427, Of. 714",Santiago,6387483,Otec,pablo.cornejo@sericap.cl,,
Región 13,79620220,3,Intec Capacitación Limitada,Intec,Santo Domigo 1083 Piso 206,Santiago,226992239,Otec,intecapacitacion@gmail.com,,
Región 13,76147665,3,Organismo Técnico De Capacitación Siete Limitada.,Capacitación Siete Ltda.,"M. Camilo Vial 1264, Población Bulnes",Santiago,6414833,Otec,otec.siete@gmail.com/ pabloarandav@gmail.com,,
Región 13,76026972,7,Servicios De Capacitación G.G.V. Limitada,G.G.V. Capacitación Y Seminarios Ltda.,"Diagonal Paraguay 481, Of. 112",Santiago,232239703,Otec,mguzman@ggvempresas.cl,,
Región 13,76072464,5,Sociedad De Capacitación Limitada,Capacitaciones Prour Ltda.,"Agustinas 853, Of. 345",Santiago,26338024,Otec,capacitacion@asuntoslaborales.cl,,
Región 13,76139786,9,Sociedad De Prestación De Servicios De Capacitación Horizon Business Group Limitada.,Horizon Business Group Ltda..,Duble Almeyda 3840,Santiago,22050775,Otec,info@horizonbusiness.cl,,
Región 13,77952700,K,"Prospectiva, Capacitaciones Y Asesorías Limitada",Prospectiva Ltda.,"Compañía 1291, Of. 903",Santiago,229838004,Otec,otec@prospectivaconsultores.cl,,
Región 13,76146145,1,Organismo Técnico De Capacitación Escudero Y Verdugo Limitada,Esver Capacitaciones,San Antonio 486,Santiago,2638284,Otec,hectorescudero2011@hotmail.cl,,
Región 13,76105596,8,Servicios De Capacitación Km Center Limitada,Km Center Ltda.,"Paris Nº836, Of. 202",Santiago,26382403,Otec,contacto@kmcenter.cl,,
Región 13,76152284,1,Sociedad Educacional Insucap Limitada.,Insucap Limitada.,Huérfanos 1055 Of. 508.,Santiago,6992805,Otec,otecicp@gmail.com,,
Región 13,76130808,4,Servicios De Capacitacion Y Gestion Captotal Limitada,Captotal Ltda,"Arturo Prat N° 1360, Piso 3, Of. 1",Santiago,23635059,Otec,projas@grupovl.cl, cfaundez@grupovl.cl,
Región 13,76125011,6,Iantar Capacitaciones Limitada,Iantar Capacitaciones Ltda.,Huérfanos N° 1055 Of. N° 409,Santiago,226882343,Otec,capacitaciones@iantar.cl , iantarcapacitaciones@gmail.com,
Región 13,76132775,5,Haccp Training Center Ltda.,Haccp Training Ltda.,"Máximo Humbser Nº527, Of.701",Santiago,6388940,Otec,rpacheco@haccpchile.cl,,
Región 13,76604890,0,Instituto De Capacitación Tecnotraining Limitada,Tecnotraining Ltda.,Compañía 1068 Of. 1004,Santiago,29832942,Otec,info@tecnotraining .cl,,
Región 13,76046343,4,Fuenzalida Y Asociados Limitada,Catalejo Consultores Ltda.,"Santa Lucia 188, Piso 5",Santiago,2233314,Otec,sfuenzalida@catalejocorp.cl,,
Región 13,87697700,1,Servicios De Capacitación Electromechanics Limitada,Electromechanics  Ltda,Pasaje República 2247 Casa 4-C,Santiago,26715592,Otec,info@elc.cl ,vpinilla@elc.cl,
Región 13,76119149,7,Lhperez Capacitación Limitada,Lhperez Capacitación Ltda.,"Diagonal Paraguay 474, Of. 51",Santiago,226647841,Otec,lhperez@lhperez.cl , lhperez@vtr.net,
Región 13,76038112,8,Capacitación Y Desarrollo Digitac  Limitada,Dimac Ltda.,"Calle Doctor Sotero Del Rio N° 508, Of. 402",Santiago,26970350,Otec,capacitacion@dimacltda.cl,,
Región 13,76111772,6,Geso Capacitación Limitada,Gesocap Ltda,Alonso Ovalle 1287 Ofic. Subterráneo,Santiago,227845284,Otec,capacitacion@gesocap.cl,,
Región 13,76121044,0,Organismo Técnico De Capacitación Gestión Y Transferencia De Conocimiento Limitada,Gtc Capacitación,Concha Y Toro N°17 Of. A,Santiago,226969022,Otec,contacto@gtc-capacitacion.cl,,
Región 13,76058394,4,Q2  Chile  Capacitacion Limitada,Q2 Chile Capacitación Ltda,San Sebastian 2812 Of 901,Santiago,29838807,Otec,consultas@q2chile.cl,,
Región 13,76731130,3,Capacitaciones Ait Chile Limitada,Capacitaciones Ait Chile Limitada,"Sierra Bella N° 1231, Of. 4",Santiago,27587960,Otec,guillermo.garcia@ait-chile.cl,,
Región 13,76093342,2,Organismo Técnico De Capacitación Bello Monte  Limitada,Apogeus Capacitación Ltda,Santo Domingo 1160 Of. 418,Santiago,226965352,Otec,domicast@gmail.com,,
Región 13,76110439,K,Gvr Capacitación Limitada,Capacitemos Chile Ltda,"Alonso De Ovalle N°1621, Of. 101",Santiago,26719497,Otec,mireya@capacitemoschile.cl,,
Región 13,76059652,3,Transversal Capacitaciones Limitada,Transcap Ltda.,Rogelio Ugarte N° 1817,Santiago,4417529,Otec,transcapltda@gmail.com,,
Región 13,76956990,1,Burboa Y Burboa Capacitaciones Limitada,Centcap Ltda,"Huérfanos Nº 1147, Of.621",Santiago,26963623,Otec,contacto@centcap.cl,,
Región 13,76091253,0,Servicios De Capacitación Impacto Limitada,Impacto Limitada,Moneda 1554,Santiago,979867323,Otec,paolapezoa@otecimpacto.cl,,
Región 13,76079859,2,"Instituto De Capacitación, Gestión De Capital Humano Limitada",Gch Ltda,Ahumada 254 Of. 701,Santiago,26880251,Otec,info@igchcapacitacion.cl,,
Región 13,76088363,8,Lqa Capacitación Empresarial Sociedad De Responsabilidad Limitada,Lqa Capacitación Empresarial,Compañia N° 1291 Of. N° 301,Santiago,26380357,Otec,lquijada@lqaconsultores.cl,mquijada@lqaconsultores.cl,
Región 13,76079222,5,Chilecap Capacitación Chile Limitada,Chilecap Ltda.,"San Antonio 19, Piso 24, Of. 2403",Santiago,26327867,Otec,contacto@chilecapcapacitacion.cl,,
Región 13,76056047,2,Centro De Capacitación  Para Organizaciones De La Minería Limitada,Cencomín Ltda.,Huerfanos 1147 Oficina 741,Santiago,226884640,Otec,director@cencomin.cl,,
Región 13,76085050,0,Instituto Nacional De Educación Y Capacitación Limitada,Inceduc Ltda.,"Amunategui N°86, Ofic. 501",Santiago,26965254,Otec,info@inceduc.cl,,
Región 13,76049038,5,Servicios De Capacitación Mupor Limitada,Mupor Capacitación Ltda.,Monjitas  527 Of. 407,Santiago,26732471,Otec,otec@mupor.cl,,
Región 13,76597680,4,Servicios De Capacitación Del Instituto Nacional Del Comercio Limitada,Instituto Nacional Del Comercio O  Inc,Merced N° 230,Santiago,23654378,Otec,nmunoz@otecinc.cl,,
Región 13,76004118,1,Sociedad De Capacitación  Firenze Limitada,Capacitación Firenze Ltada,San Isiro 134,Santiago,6339507,Otec,esandoval@firenze.cl,,
Región 13,77765960,K,Sociedad De Capacitación Empresarial Limitada,Osk Limitada,Eduardo Matte N 1910,Santiago,225550588,Otec,pcaceres@vmvmaquinaria.cl,,
Región 13,76050966,3,Organismo Técnico De Capacitación Oce Limitada,Oce Ltda. Y/O Qualitymas Ltda.,Serrano 14 Of. 705,Santiago,26337654,Otec,contacto@qualitymas.cl,,
Región 13,76587140,9,Servicios De Capacitación Hp Ltda.,Otec - Hp Ltda,Cabo Arestey Nº2464,Santiago,27844640,Otec,mrodriguez@hpcapacitacion.cl,,
Región 13,76044576,2,Edinse Capacitación Limitada,Edinse Capacitación,"Catedral N° 1009, Of.N° 408",Santiago,29548431,Otec,contactenos@edinse.cl,,
Región 13,76047487,8,Sbc Capacitación Limitada,Sbc Capacitación Ltda.,"Avda. Libertador Bernardo O'Higgins Nº 474, Of. 52",Santiago,226381667,Otec,gustavo@sbccapacitacion.cl , info@sbccapacitacion.cl,
Región 13,76935860,9,Sociedad De Capacitación  Encap Limitada,Encap Limitada,"Huérfanos 1373, Of. 407",Santiago,26716424,Otec,mmenanteau@encap.cl,,
Región 13,76039187,5,Servicios De Capacitación Y Desarrollo Limitada,Sercade Ltda.,"Diagonal Paraguay 481, Of. 24",Santiago,224427796,Otec,capacitacionesercade@gmail.com,,
Región 13,76000388,3,Capacitaciones  Acticap Chile Limitada,Acticap Ltda.,"Nataniel Cox 210, Of.55",Santiago,226889910,Otec,acticap@acticap.cl,,
Región 13,77677060,4,Capacitación Gestaa Limitada,Gestaa Ltda.,Virginia Opazo 11,Santiago,26887570,Otec,tarayab@ges.cl,taniatoon@hotmail.com,
Región 13,77759750,7,"Asesorías, Consultora Y Proyectos Educativos Educa Limitada",Educa Ltda,"Agustinas Nº 1442, Torre A-Of. 1008",Santiago,226970062,Otec,fromero@educa.cl,,
Región 13,76022648,3,Hernández Y Serrano  Limitada,Aula Capacita Ltda.,"Santa Lucía Nº344, Of. 32",Santiago,6389448,Otec,info@aulacapacita.cl,,
Región 13,76499000,5,Instituto Desarrollo Y Capacitacion Limitada,Idecap Ltda,Augusto Leguia Sur Of 602,Santiago,222319681,Otec,gerencia@idecap.cl,oliviadonoso@idecap.cl,
Región 13,76522220,6,Capacita Chile Limitada,Capacita Chile Ltda.,Padre Miguel Olivares N°1492 Piso 2,Santiago,2228618,Otec,info@capacitachile.cl,,
Región 13,76000556,8,Centro De Capacitación Laboral Chile Limitada,Cecal Chile Ltda.,"Agustinas 1022, Of. 309",Santiago,26960907,Otec,contacto@cecalchile.cl,,
Región 13,76364010,8,Servicios De Capacitación Vértice Limitada,Vértice Capacitación,"Agustinas N° 1185, Of. 91",Santiago,226716085,Otec,cmarambio@verticeconsulting.cl , carlos.marambio@verticegdr.,
Región 13,76819750,4,Centro De Capacitación Al Consumidor Limitada,Erga Omnes Ltda.,"Paseo Bulnes N° 107, Of. 43",Santiago,227065047,Otec,stefanl@odecu.cl , odecu@odecu.cl,
Región 13,76495870,5,Sophia Capacitación Limitada,Sophia Ltda.,"Santa Lucia Nº256, Of.2-B",Santiago,24811088,Mixto,sophia@sophia-capacitacion.cl,,
Región 13,76686190,3,Sociedad Educacional Planacap Limitada,Planacap,"Ismael Valdes Vergara Nª 690, Of. 15",Santiago,26387998,Otec,capacitacion@planacap.cl,,
Región 13,76628710,7,Geist Capacitación Limitada,Zeitgeist,Huérfanos 1160 Of. 614,Santiago,26711016,Otec,victor.cabrera@zeitconsultores.cl,,
Región 13,77593380,1,Centro De Investigación Para El Desarrollo Y Capacitación Limitada.,Asiste Ltda,Padre Diego De Rosales Nº 1661,Santiago,225962360,Otec,credenciales@institutoasiste.cl,,
Región 13,76240250,5,Gestión Y Capacitación Integral Limitada.,Gestión Y Capacitación Integral Ltda.,"Catedral N° 01284, Piso 8",Santiago,226384096,Otec,haperez@dintegral.cl   /mcaselli@dintegral.cl,,
Región 13,76624760,1,Formación Y Capacitación Ltda.,Forcap Ltda.,Calle Dieciocho 45 Of 602,Santiago,26711404,Otec,avera@forcap.cl,,
Región 13,79622300,6,Paulina Diard Capacitación Limitada,Paulina Diard,"Sto.Domingo 1083, Piso 2",Santiago,226966842,Otec,info@paulinadiard.cl ,borispk67@gmail.com,
Región 13,77100660,4,Instituto Chileno De La Lengua Ltda,Ichil Ltda,Avda Brasil  153,Santiago,226972728,Otec,ichil@ichil.cl,,
Región 13,77392490,2,"Capacitación Integral En Control De Emergencias, Rescates E Incendios Limitada",Fire Wall Ltda,Santa Elena Nº1870,Santiago,29960277,Otec,capacitacion@firewallfx.cl,,
Región 13,77726100,2,Sepri Capacitación Compañia Limitada,Sepri Ltda.,"Huérfanos Nº 779, Of.701",Santiago,226329013,Otec,amjimenez@sepri.cl,mjimenez@sepri.cl,
Región 13,77316830,K,Premier Capacitacion Limitada,,Santa Mónica Nº 2338,Santiago,6987054,Otec,nahumada@premiercapacitacion.cl,,
Región 13,78311660,K,Selección Y Capacitación Técnica Chilena Ltda.,Selitec Ltda,Miraflores Nº 590 Oficina 4 Piso 2,Santiago,6329342,Mixto,dbrisso@selitec.cl,,
Región 13,77995260,6,Dreesen Y Pettett Limitada,Speakeasy Limitada,"Agustinas Nº611, Of.72",Santiago,26646479,Otec,info@speakeasy.cl,,
Región 13,77911410,4,Asproc Centro De Capacitacion Limitada,Asproc Centro De Capacitación Limitada,Diagonal Cervantes 683,Santiago,22633942,Mixto,asproc@asproc.cl,,
Región 13,77359090,7,Logoacción Consultores Ltda.,,"Huerfanos N° 640, Of. N° 21-B",Santiago,226640533,Otec,logoaccion@logoaccion.com , lsuazo@logoaccion.com,
Región 13,77960750,K,Mella Consultores Limitada,Gea Consultores Ltda.,San Antonio Nº 31 Of. 805,Santiago,22200639,Otec,gea@geaconsultores.cl,,
Región 13,77032810,1,Asesoría Y Capacitación Formar Limitada,Formar  Ltda.,"Monjitas Nº737, 2º Piso",Santiago,226396481,Otec,jjimenez@montserrat.cl,,
Región 13,77713410,8,Sociedad De Desarrollo Y Promoción Educacional Enseña Limitada,Enseña Ltda.,Jaime Eyzaguirre Nº9 Of. 34,Santiago,6359673,Ent. Niv. Est.,ensena@manquehue.net,,
Región 13,77898920,4,Servicio De Gestión En Capacitación Limitada,Sgse,Santa Victoria  Nº 18,Santiago,6335650,Otec,sgc@sgc-capacitacion.cl,,
Región 13,77889160,3,Zetace Capacitación Limitada,Zc Capacitación Limitada,"Nueva York Nº 53, Of. 104",Santiago,226992313,Otec,info@consultorazc.cl, dfuentes@consultorazc.cl,
Región 13,77682510,7,Linares Y Compañía Ltda.,Linares Y Cía. Ltda. O Edutecno Capacita,Huérfanos Nº 863 Piso 2,Santiago,24398800,Otec,psalazar@edutecno.com,,
Región 13,77804040,9,Creciendo Capacitación Limitada,Creciendo Consultores,"Agustinas Nº 715, Of. 210",Santiago,223905618,Otec,bok@creciendo.cl , armando.bok@gmail.com,
Región 13,77727690,5,Valero Servicios Educacionales Limitada,Valeduc   Ltda.,"Santa Rosa Nº 79, Of.35",Santiago,26347501,Otec,valeduc@valeduc.cl,,
Región 13,77714460,K,Centro Nacional De Capacitación Kaoru Ishikawa Limitada,Ki Capacitación,Serrano Nº63  Of. 32,Santiago,4810134,Otec,centroki@entelchile.net,,
Región 13,79968580,9,Academia De Recuperación Miraflores Limitada,Academia De Estudios Miraflores Ltda.,"San Ignacio Nº 8, Piso 3.",Santiago,6994229,Ent. Niv. Est.,contacto@academiamiraflores.cl,,
Región 13,77666900,8,Gestion Y Capacitacion En Informatica Y Otros Ltda.,Gescap Ltda,"Cóndor Nº 870, Dpto. 0, Piso 3",Santiago,26389289,Otec,gerencia@gescap.cl,,
Región 13,78895940,0,Gougain Ahumada Limitada,Yanquiray  Limitada,Moneda  Nº2350,Santiago,6996019,Ent. Niv. Est.,CYANQUIRAY@YAHOO.COM,,
Región 13,77651130,7,Abc Escuela De Conductores Limitada,Abc Conducción Ltda.,Blas Cañas Nº 477,Santiago,6381813,Otec,contacto@abcconduccion.cl,,
Región 13,78882750,4,Capacitación E Información Laboral Limitada,Boletin De Informacion Laboral Y Tributa,Arturo Prat Nº 1268,Santiago,229640600,Otec,cmontero@boletindeltrabajo.cl,,
Región 13,77522730,3,Gestión Y Desarrollo En Capacitación  Limitada,G & D Capacitación,"Agustinas Nº 611,  Of. 61",Santiago,227065776,Mixto,lvaldes@capacitacionchile.cl ,,
Región 13,78702760,1,Cip Chile Capacitación Limitada,"Cip Chile Ltda, Centro De Ingenieria",Aníbal Letelier Nº741-A,Santiago,26952532,Otec,capacitacion@cipchile.cl , squezada@cipchile.cl,
Región 13,77443900,5,Consultores Y Asesores En Capacitación Chile Limitada,Mundolaboral.Cl,Paseo Bulnes 107 Oficina 51,Santiago,226710828,Otec,info@mundolaboral.cl , jmsarmiento@mundolaboral.cl,
Región 13,78996380,0,Scire Capacitación Limitada,Scire,Av.L. Bdo Ohiggins 1302 Of. 30,Santiago,226963469,Otec,a.palacios@scire.cl,,
Región 13,77167350,3,Sociedad De Capacitación San Martín De Quillota Limitada,Inscap,Teatinos Nº 251 Of. 209,Santiago,226723671,Mixto,inscap@gmail.com,,
Región 13,77191110,2,Gestión Comunicaciones Y Servicios Netco Limitada,Netco Ltda,Catedral 1233 Of. 101,Santiago,22631865,Otec,netco@tie.cl,,
Región 13,79922620,0,Instituto De Capacitación Jiyukan Ltda.,,Av Matta Nº 360,Santiago,225556848,Otec,jiyukan-capacitacion.cl,,
Región 13,76585723,6,Organismo Técnico De Capacitación Libertad De Chile Limitada,Cnc Capacita Ltda.,"Ahumada 312, Of. 216",Santiago,226968368,Otec,gerencia@cnccapacita.cl,rmery@gmail.com,
Región 13,76623770,3,Asp Capacitación Limitada,Otec Asp  Capacitación Limitada,"Fanor Velasco 85, Of. 1301",Santiago,226641193,Otec,capacitación@aspchile.cl,rodrigo.saldana@aspechile.cl,
Región 13,78745900,5,Trasciende Gestión Integral De Capacitación Spa,Trasciende Spa,Manuel Rodriguez Norte  Nº 730,Santiago,223810999,Otec,soportecapaciotacion@falabella.com,,
Región 13,76527388,9,Olitorr Capacitaciones Limitada,Olitorr Ltda.,"Agustina 1612, Of. 711",Santiago,26965540,Otec,olitorr@olitorr.cl, lasesoria@hotmail.com,
Región 13,76656740,1,Ical Capacitación Limitada,Ical Capacitación,Avda. Ricardo Cumming  350,Santiago,26715128,Otec,capacitacion@ical.cl,,
Región 13,76175533,1,Instituto De Capacitación Big Five Limitada,Big Five Ltda.,Rosal N°331 Piso 3,Santiago,25502400,Otec,emorenog@bigfive.cl,,
Región 13,76071318,K,Aptus Perfeccionamiento Y Capacitación Limitada,Aptus Ltda.,Phillips 16 Of. C Piso Tres,Santiago,227704751,Otec,capacitacion@aptuschile.cl,,
Región 13,77326080,K,Instituto De Capacitación Laboral Icl Limitada,Icl Ltda.,Santa Elena  N° 1333,Santiago,225922699,Otec,info@iclcapacitacion.cl,,
Región 13,96575560,8,Centros De Estudios Manpower Ltda.,Manpower,Paulino Alfonso Nº351                              ,Santiago,2805554,Otec,francisca.bakovic@ltcmanpower.cl  ,,
Región 13,76421320,3,Capacitación Usach Compania Limitada,Capacitación Usach Compania Limitada,Avda. L. Bdo. O'Higgins Nº 2229,Santiago,227181428,Otec,elizabeth.goas@usach.cl,,
Región 13,78212360,2,Instituto Profesional Ciisa Limitada,Instituto Profesional Ciisa,Repúlblica N° 20,Santiago,26637800,Otec,capacitacion@ciisa.cl,npatuelli@ciisa.cl,
Región 13,76341480,9,Global Cap Limitada,Global Cap,"Amunategui Nº75, Of. 6",Santiago,226715546,Otec,pmerino@globalcap.cl , grevelez@globalcap.cl,
Región 13,76558650,K,Centro De Capacitación Educacional Limitada,Ceis Capacitación Ltda.,Santa Mónica Nª 2056,Santiago,6965331,Otec,loviedo@ceismaristas.cl,,
Región 13,76639190,7,Coartre Servicios De Capacitación Limitada,Coartre Ltda.,Lira Nº1652,Santiago,25558672,Otec,coartre@coartre.cl,,
Región 13,76464790,4,Capacitación  Briceño Limitada,Academia Brisein Ltda.,"Pje. Rosa Rodríguez 1375, Of. 409",Santiago,26881883,Otec,brisein@tie.cl,,
Región 13,76612290,6,Navarro Y Asociados Limitada,Working Capacitación De Empresas,"Sotero Del Rio Nº 475, Of. 502",Santiago,6979644,Otec,capacitacion@working.cl,,
Región 13,76585940,9,Academia Nacional De Seguridad De Chile Limitada,Acanaseg Ltda.,José Victorino Lastarria   198,Santiago,26337606,Otec,seguridad@acanaseg.cl,,
Región 13,77797400,9,Organismo Tecnico De Capacitacion Uno  Mas Uno Tres Limitada,Otec Uno Mas Uno Tres Ltda,"Jaime Eyzaguirre 9, Of. 14",Santiago,226651551,Otec,mendezp@1mas1tres.cl,,
Región 13,76599970,7,Corfhu Capacitación Limitada,Corfhu Ltda.,Moneda N° 812 Of. N° 1015 ,Santiago,22222282,Otec,corfhu@corfhu.cl,,
Región 13,78735590,0,Palacios Y García Docencia Limitada,Factum,Moneda 1776,Santiago,6955549,Ent. Niv. Est.,instituto@factum.cl,,
Región 13,77411200,6,Instituto Escocés De Idiomas Limitada,Grants English,"Londres 70,  Of. 4",Santiago,6381128,Otec,grants@grantsenglish.com,,
Región 13,79942800,8,Instituto De Capacitación Profesional Limitada,Icap Ltda.,Domeyko Nº 1760- 1762 - 1764,Santiago,6724220,Otec,jaravena@icap.cl,,
Región 13,76222680,4,Instituto Nacional De Conductores Profesionales Limitada,Enacop Ltda.,San Diego Nº 31 Of.408,Santiago,226889584,Otec,jenngf@gmail.com , contacto@enacop.cl,
Región 13,76048178,5,Sociedad Intelektas Capacitaciones Limitada,Intelektaslimitada,"Compañía 1390,  Of.613",Santiago,226992744,Otec,jparra@intelektas.cl,,
Región 13,76845260,1,Everis Training Chile Limitada,Everis Training Chile Ltda.,"Av. B. O. Higgins Nº 1449, Of.301",Santiago,24225410,Otec,chile.training@everis.com,,
Región 13,76134066,2,Salfa Capacitación Limitada,Salfa Capacitación Limitada,"Club Hipico, N° 1848",Santiago,8109142,Otec,salfacapacitacion@salfa.cl,,
Región 13,77099700,3,Sociedad De Capacitación Sersoft Limitada,Sersoft Limitada,"Santo Domingo Nº 1160, Of.302",Santiago,226969302,Otec,sersoft@sersoft.tie.cl,,
Región 13,77259970,6,Transforma Capacitación Limitada,Transforma Capacitación Ltda.,"Matías Cousiño  Nº 150, Of.628",Santiago,26385852,Otec,info@transformaconsultores.cl,,
Región 13,77286960,6,Inacoch-Instituto Nacional De Capacitación Ocupacional De Chile Limitada,Inacoch Limitada,San Pablo  Nº 1910,Santiago,4456727,Otec,director@inacoch.cl,,
Región 13,78822190,8,Asimerk-Chile Servicios De Capacitación Limitada,Asimerk Chile,"Doctor Ramón Corbalán Nº 37, Dpto. 24",Santiago,2472202,Otec,dguzman@asimerk.cl,,
Región 13,78087090,7,A&C Servicios De Capacitación Limitada,A&C Capacitación Ltda.,Agustinas1442 Of 306,Santiago,226715918,Otec,info@ayccapacitacion.cl,,
Región 13,78527800,3,Jorge Molina Y Compañía Limitada,Hera Gestión E Informática Limitada,"Ahumada Nº312, Of. 701-702",Santiago,6984824,Mixto,heragerencia@gmail.com,,
Región 13,79559730,1,Empresa De Cap. Y Activida De Tec Manuales Adminis,Ecatema Ltda.,Mac Iver Nº 705,Santiago,6338699,Mixto,agonzalez@ecatema.cl,,
Región 13,78217770,2,Fidenter Capacitación Limitada,Fidenter Capacitación Ltda.,Chiloe Nº 1206,Santiago,225544022,Otec,otec@fidenter.cl,,
Región 13,79918180,0,Capacitación Laboral Especializada Limitada,Jesam-Capacit Ltda.,"Huerfanos N° 1160, Of. 307",Santiago,26885530,Otec,bhutan@bhutan.cl,,
Región 13,77112460,7,Servicios De Capacitación Epsilon Limitada,Epsilon Ltda.,"Calle Dieciocho Nº 267, Piso 2",Santiago,6730896,Otec,osanchez@epsilon.cl,,
Región 13,78503480,5,Sociedad Basso Y Herrera Limitada,Human Business Limitada,"Paseo Bulnes Nº 79, Oficina 110, Piso 11",Santiago,226989790,Otec,lherrera@hbusiness.cl , jcbasso@hbusiness.cl,
Región 13,78290560,0,Asesoría Y Capacitación Para La Gestión Limitada,Opción  Capacitación,Ahumada  Nº 254 Of. 112,Santiago,226981230,Otec,lraimondi@opcioncapacitacion.cl,,
Región 13,65061013,K,Fundación Para La Capacitación Promoción Del Empleo Y La Productiviada,Fucaep,"Estado N° 235, Of. N° 1305",Santiago,32238356,Otec,contacto@fucaep.cl,,
Región 13,75998240,1,Fundación De Capacitación Sofofa,,"Calle Nueva York N° 33, Piso 15",Santiago,228995100,Otec,jrosales@fundacionsofofa.cl,,
Región 13,72165400,1,Fundación Para El Servicio De Perfeccionamiento De La Educación Católica,Fundación Sepec,Calle Erasmo Escalada 1924,Santiago,226726590,Mixto,contacto@fundacionsepec.org,,
Región 13,65696680,7,Fundación De Capacitación Para El Buen Trabajo,Buen Trabajo,Av. Ejército Nº390                                              ,Santiago,26960189,Otec,imarquez@tph.cl,buentrabajo@tph.cl,
Región 13,65062756,3,Fundación Forpe Chile,Fundación Forpe Chile,"Olivares N° 1324,",Santiago,25884831,Otec,eduardo.robledo@fundacioncades.cl   ,,
Región 13,65099139,7,Fundacion Escuela Taller Fermin Vivaceta,Fundación Escuela Taller Fermín Vivaceta,Hurtado Rodríguez  381 ,Santiago,71355009,Otec,fundacionescuelataller@gmail.com,,
Región 13,65089867,2,Fundación Capacitación Y Futuro,Capacitación Y Futuro,Padre Diego Rosales 16661,Santiago,25962362,Otec,fundacion.capacitacionyfuturo@yahoo.com,,
Región 13,65057853,8,Fundación Chilecap Capacitación,Fundación Chilecap,"San Antonio 19, Of. 2404",Santiago,26647419,Otec,contacto@fundacionchilecap.cl,,
Región 13,65701990,9,Fundación Promoción Solidaria - Capacita,Promoción Solidaria,Calle Erasmo Escala N° 1924,Santiago,26726590,Otec,juliette.sapaj@fundacionsepec.org,,
Región 13,65696880,K,Fundación Del Consejo Nacional De Seguridad,Fundación Cns,Vidaurre  N° 1470 Piso 2,Santiago,6724510,Otec,CNS@CNSDECHILE.CL,,
Región 13,65065054,9,Fundación Centro De Capacitación Y Desarrollo Social Chile,Fundación Cades Chile,Olivares 1324,Santiago,226962003,Otec,eduardo.robledo@fundacioncades.cl,,
Región 13,65091658,1,Fundacion Crea Capacidades,,Pasaje Phillips 16 Piso 4,Santiago,25971191,Otec,contacto@creacapacidades.cl,,
Región 13,70004881,0,Instituto Nacional De Pastoral Rural,Inpru,Almirante Barroso N 66,Santiago,6712629,Ent. Niv. Est., inpru@episcopado.cl,,
Región 13,73923400,K,Universidad Alberto Hurtado,,Almirante Barroso 10 (Ex Nº 6),Santiago,228897682,Otec,gbulnes@uahurtado.cl,,
Región 13,82920700,1,Instituto De Estudios Bancarios Guillermo Subercaseaux,,San Martín Nº 74-76,Santiago,24694312,Otec,dfc@ieb.cl,,
Región 13,65088432,9,Corporación Nueva Ciaspo,Nueva Ciaspo,Corte Suprema N° 195,Santiago,26966091,Otec,jelopezt@gmail.com,,
Región 13,77509120,7,Centro De Formación Técnica Ceitec,C.F.T. Ceitec,Gorbea  Nº 1777,Santiago,226956575,Mixto,ceitec@ceitec.cl,,
Región 13,79693220,1,Instituto Tecnológico De Chile  S.A.,Instituto Tecnológico De Chile I.T.C,Serrano  Nº172 .,Santiago,225655225,Otec,cmatamala@itc.cl,,
Región 13,72067800,4,Centro De Formación Técnica De Los Establecimientos Nacionales De Educación Caritas - Chile,Centro De Formación Técnica De Enac,Echaurren 26,Santiago,224738800,Otec,royarzun@enac.cl,,
Región 13,96633950,0,Instituto Profesional Esucomex  S.A.,Instituto Profesional Esucomex  S.A.,Ejercito N°  91,Santiago,27000498,Otec,otec@esucomex.cl,,
Región 13,78266770,K,Instituto Profesional Carlos Casanueva S.A.,,Londres Nº 46 ,Santiago,3476014,Otec,otec@carloscasanueva.cl,,
Región 13,71528700,5,Universidad La República,Otec Universidad La República,Agustinas N° 1831,Santiago,227068168,Otec,eduardo.marfull@ulare.cl,,
Región 13,71551500,8,Universidad Santo Tomas,Universida Santo Tomas,"Ejército Nº 146, Piso 4",Santiago,225308370,Mixto,capacitacion@santotomas.cl,,
Región 13,70990700,K,Universidad Diego Portales,No Encontrado,Av. Manuel Rodriguez Sur Nº 415,Santiago,26762185,Otec,guillermo.olivares@udp.cl,,
Región 13,70729100,1,Universidad Tecnológica Metropolitana,Utem,Calle Dieciocho N° 161,Santiago,227877592,Otec,direcap@utem.cl,,
Región 13,60910000,1,Universidad De Chile,Universidad De Chile,Diagonal Paraguay 265  Of. 1305,Santiago,9782352,Otec,operaciones.vex@uchile.cl,,
Región 13,71541900,9,Universidad Pedro De Valdivia,Upv,Av. Vicuña Mackenna 44,Santiago,5197653,Otec,otec@upv.cl,,
Región 13,70995200,5,Universidad Central,,Toesca 1783                                                     ,Santiago,225826074,Otec,marcia.silva@ucentral.cl,,
Región 13,71647500,K,Universidad Bernardo O Higgins,Ubo,"Av. Vial N° 1971, Piso 2",Santiago,24774110,Otec,capacitacion@ubo.cl,pgonzalez@ubo.cl,
Región 13,71912200,0,Universidad Católica Cardenal Raúl Silva Henríquez,U.C.C.R.S.H.,Carmen 340,Santiago,224778108,Mixto,cnorambuena@ucsh.cl,,
Región 13,71540100,2,Universidad Nacional Andres Bello,,"Salvador  Sanfuentes N° 2357, Piso 4",Santiago,27703757,Otec,gloria.soares@unab.cl, jc_diaz@unab.cl,
Región 13,77651010,6,Gestion Y Capacitacion En Desarrollo Empresarial Limitada,Gisp Consultores Ltda.,Cienfuegos  Nº 50 Ofic. D,Santiago,6982603,Otec,,,
Región 13,76462250,2,Centro De Capacitacion Cordillera Limitada,Cordillera Capacitacion Ltda,Santo Domimgo 1391 Of 607,Santiago,226982663,Otec,,,
Región 13,9410,2,Liceo Consolidada Davila,Liceo Consolidada Davila,Jose. J. Prieto Nº 6075,Santiago,24813257,Otec,,,
Región 13,77818710,8,Zúñiga Y Cía. Limitada,Zúñiga Y Cía. Limitada,Ahumada 131 Of. 722,Santiago,6718303,Otec,,,
Región 13,9695,4,Eugenio Pereira Salas,Eugenio Pereira Salas,Cooperación Nº 4581 Pobl. Lo Valledor Norte,Santiago,24813184,Otec,,,
Región 13,76200495,K,Impulso Desarrollo Chile Limitada.,Impulso Desarrollo Ltda.,A. Libertador Bernardo O'Higgins Nº 1112 Oficina 1001,Santiago,226964785,Otec,alejandrosandoval@grupoimpulso.cl,,
